id,y_pred
0,107557
1,147941
2,172460
3,170466
4,163806
5,161364
6,166929
7,168886
8,264754
9,244733
10,242465
11,230535
12,223795
13,218687
14,213395
15,211272
16,226679
17,341675
18,349215
19,320572
20,306369
21,297864
22,294268
23,292899
24,199588
25,179592
26,197452
27,185900
28,171380
29,161327
30,164593
31,177922
32,289679
33,248564
34,216431
35,186636
36,175191
37,172065
38,172011
39,192692
40,216271
41,204165
42,199486
43,207279
44,207007
45,204897
46,210438
47,214059
48,231924
49,319658
50,292042
51,270392
52,254562
53,245787
54,249597
55,242981
56,410137
57,438196
58,414553
59,399668
60,416720
61,422299
62,424176
63,442422
64,341720
65,366387
66,352368
67,332554
68,318768
69,300820
70,300931
71,313925
72,208875
73,233433
74,218655
75,204356
76,207898
77,224193
78,225507
79,218702
80,356467
81,420987
82,433221
83,424377
84,418023
85,398922
86,407920
87,416981
88,295507
89,341504
90,371543
91,369620
92,353669
93,346847
94,353461
95,368999
96,119867
97,181654
98,157175
99,134794
100,127921
101,130624
102,133060
103,130396
104,334940
105,347942
106,347001
107,352360
108,347951
109,328559
110,340103
111,356453
112,358861
113,282286
114,294785
115,299743
116,307543
117,312002
118,322542
119,324242
120,168957
121,167413
122,178310
123,182832
124,191307
125,196752
126,205293
127,208940
128,452816
129,528794
130,470025
131,436373
132,434598
133,417112
134,417780
135,428930
136,12058
137,22110
138,29790
139,28302
140,27989
141,26416
142,21780
143,17939
144,317337
145,499995
146,476289
147,449239
148,430749
149,423757
150,423958
151,439369
152,268927
153,244148
154,263307
155,252918
156,250370
157,245463
158,246878
159,254003
160,553532
161,452046
162,423272
163,401151
164,399621
165,405592
166,406403
167,412152
168,168916
169,212219
170,223025
171,207195
172,193013
173,180420
174,187412
175,204018
176,666638
177,506019
178,551941
179,558952
180,544610
181,551969
182,565584
183,570665
184,319943
185,302368
186,281878
187,265349
188,265555
189,264006
190,258867
191,275260
192,315671
193,328053
194,338053
195,359046
196,370900
197,382671
198,390007
199,388020
200,257048
201,384689
202,350113
203,331988
204,319892
205,321492
206,329155
207,327054
208,156448
209,142912
210,154211
211,157634
212,166352
213,166204
214,167312
215,182217
216,363077
217,293325
218,277492
219,279150
220,290394
221,283284
222,285113
223,309248
224,240781
225,266116
226,207954
227,203585
228,195793
229,198386
230,212723
231,224006
232,324085
233,369680
234,380506
235,364449
236,365551
237,367227
238,370326
239,400729
240,688368
241,579964
242,580942
243,618826
244,627298
245,579146
246,581981
247,602900
248,537075
249,408043
250,428837
251,434495
252,440414
253,414939
254,413422
255,440711
256,213322
257,311371
258,364382
259,365181
260,358070
261,359527
262,365377
263,369734
264,624401
265,420379
266,424284
267,403973
268,406282
269,397621
270,405423
271,434992
272,520666
273,509195
274,498991
275,489359
276,481664
277,492585
278,492564
279,487470
280,349702
281,368629
282,342174
283,319202
284,303564
285,302727
286,302409
287,305604
288,188940
289,220706
290,209524
291,200577
292,196284
293,195742
294,199871
295,205114
296,289179
297,300292
298,288033
299,271968
300,258862
301,256926
302,272047
303,280823
304,118682
305,75853
306,88624
307,95983
308,93152
309,89425
310,92262
311,96043
312,212359
313,218996
314,202871
315,208022
316,204794
317,186964
318,185260
319,189660
320,494915
321,279419
322,298360
323,318787
324,326276
325,319252
326,323101
327,319170
328,305047
329,435276
330,409537
331,383982
332,369324
333,360102
334,367670
335,380085
336,226770
337,204926
338,227405
339,232841
340,244180
341,236952
342,239936
343,242154
344,357313
345,421637
346,373619
347,360970
348,352457
349,354097
350,359923
351,354296
352,339758
353,121380
354,136730
355,151017
356,139500
357,128380
358,130500
359,148248
360,131712
361,184880
362,185804
363,174001
364,164293
365,163019
366,171730
367,173232
368,237908
369,320119
370,284942
371,271701
372,271375
373,273339
374,257862
375,263940
376,190258
377,258416
378,255229
379,245741
380,238119
381,229693
382,249271
383,271823
384,544563
385,550995
386,518685
387,504091
388,482494
389,471970
390,470999
391,484008
392,274297
393,241231
394,218515
395,202133
396,199075
397,205165
398,215947
399,228391
400,294718
401,237255
402,233844
403,230210
404,224980
405,208182
406,208899
407,218318
408,332350
409,455483
410,474742
411,481446
412,475081
413,460075
414,471966
415,482976
416,283112
417,198075
418,194712
419,200867
420,203273
421,200949
422,207797
423,218379
424,251748
425,265037
426,282157
427,257188
428,239212
429,231407
430,231447
431,234694
432,356898
433,304403
434,329392
435,319771
436,308606
437,302347
438,296035
439,294974
440,137535
441,148519
442,154773
443,151427
444,146331
445,152848
446,150549
447,161027
448,510546
449,450666
450,483806
451,478874
452,478691
453,461708
454,461758
455,470374
456,104362
457,153819
458,118707
459,113158
460,103246
461,101581
462,105105
463,112333
464,19300
465,38342
466,59042
467,66778
468,57508
469,63820
470,85840
471,81367
472,490671
473,558632
474,512978
475,487560
476,460800
477,459875
478,466602
479,484229
480,439581
481,466971
482,431527
483,422723
484,417953
485,435014
486,433395
487,438751
488,61051
489,122470
490,148434
491,138665
492,132180
493,127026
494,128183
495,121610
496,422599
497,407247
498,404970
499,378924
500,367051
501,363468
502,367214
503,368357
504,204536
505,161296
506,193347
507,218171
508,218977
509,202452
510,216312
511,237817
512,39853
513,75104
514,83217
515,88242
516,90006
517,89649
518,91836
519,90067
520,198835
521,186214
522,181725
523,173556
524,177453
525,181517
526,189106
527,199764
528,143287
529,202382
530,206907
531,192531
532,178786
533,185705
534,190015
535,188084
536,264482
537,364986
538,376770
539,390883
540,392412
541,401209
542,420852
543,423652
544,270682
545,368966
546,330294
547,304810
548,294142
549,283114
550,276034
551,283326
552,532640
553,304805
554,344668
555,374249
556,382033
557,369593
558,371283
559,378958
560,112546
561,162270
562,183913
563,190562
564,184727
565,180646
566,183332
567,184941
568,259667
569,220422
570,263225
571,274863
572,270304
573,271477
574,276500
575,277286
576,208631
577,304781
578,304913
579,292556
580,277062
581,277712
582,284850
583,282433
584,555396
585,355209
586,400322
587,424854
588,414764
589,405349
590,401569
591,381956
592,45085
593,41069
594,44469
595,45712
596,39669
597,40025
598,41528
599,43635
600,318213
601,340898
602,322185
603,315578
604,312509
605,313424
606,322113
607,336985
608,236985
609,191717
610,224237
611,230253
612,228364
613,222806
614,227642
615,234307
616,93485
617,131341
618,128631
619,129182
620,124847
621,117199
622,121736
623,133446
624,337771
625,404470
626,403931
627,406754
628,405035
629,406050
630,397319
631,403579
632,183345
633,278265
634,296096
635,302972
636,315966
637,325772
638,320285
639,308640
640,408374
641,335594
642,343367
643,340763
644,340975
645,343394
646,338792
647,338222
648,356138
649,396706
650,403449
651,390837
652,367944
653,350684
654,357597
655,383921
656,368513
657,291029
658,273754
659,273691
660,273778
661,266729
662,265984
663,279855
664,140939
665,154733
666,141960
667,141693
668,143593
669,147120
670,150626
671,148365
672,314527
673,351938
674,366450
675,340184
676,322301
677,315586
678,310482
679,323272
680,215073
681,269861
682,247656
683,227985
684,222462
685,229083
686,218900
687,223781
688,126217
689,226755
690,247086
691,242425
692,226225
693,221783
694,229841
695,239497
696,293729
697,280921
698,310341
699,301685
700,315933
701,316687
702,305010
703,297956
704,129532
705,180059
706,173477
707,155547
708,137344
709,132346
710,140670
711,147855
712,365580
713,316498
714,281107
715,269560
716,266127
717,259906
718,267625
719,280021
720,434678
721,541180
722,521800
723,495099
724,468162
725,440312
726,453760
727,471283
728,438880
729,409788
730,391819
731,391279
732,395621
733,392244
734,396010
735,407130
736,427159
737,438555
738,457752
739,471516
740,461252
741,451397
742,463814
743,473042
744,167173
745,256115
746,259000
747,250074
748,250845
749,256634
750,275459
751,277369
752,167657
753,189571
754,212545
755,223807
756,225526
757,241471
758,253358
759,253864
760,108411
761,121728
762,87819
763,84256
764,75758
765,76735
766,77153
767,83538
768,186931
769,229012
770,224847
771,214158
772,204676
773,199537
774,210273
775,219418
776,82167
777,120967
778,134923
779,145734
780,139574
781,140171
782,147238
783,158299
784,495687
785,396193
786,369372
787,367322
788,372965
789,369710
790,373108
791,368921
792,111061
793,167989
794,197546
795,192331
796,179027
797,175218
798,175784
799,170382
800,402843
801,438092
802,451791
803,442478
804,441746
805,436578
806,453865
807,479553
808,575296
809,497061
810,473898
811,451915
812,441821
813,444644
814,451151
815,465796
816,167417
817,191505
818,169460
819,152911
820,144841
821,150344
822,159066
823,158505
824,367854
825,285791
826,293409
827,288244
828,275957
829,274556
830,276020
831,271810
832,369951
833,304603
834,302465
835,280308
836,266341
837,261848
838,259362
839,274029
840,426119
841,354945
842,318114
843,318585
844,328384
845,334194
846,330209
847,333033
848,144667
849,141973
850,148610
851,145996
852,143448
853,145785
854,150864
855,154480
856,552161
857,446070
858,444657
859,453148
860,452713
861,438568
862,447057
863,487876
864,160915
865,234106
866,199601
867,177962
868,167572
869,169740
870,171842
871,184487
872,435576
873,501282
874,502732
875,487288
876,475936
877,442038
878,440807
879,482776
880,262433
881,249045
882,240511
883,241420
884,240362
885,236444
886,254221
887,272411
888,126823
889,151796
890,144742
891,143542
892,143981
893,147403
894,151548
895,153519
896,402942
897,244097
898,265160
899,274694
900,276750
901,283193
902,273089
903,264604
904,111524
905,142099
906,133697
907,129548
908,125612
909,125148
910,132202
911,138468
912,548305
913,462918
914,395020
915,397734
916,400720
917,400795
918,405689
919,410745
920,367275
921,291768
922,289563
923,290301
924,284269
925,289504
926,290108
927,283766
928,241236
929,394458
930,383920
931,350972
932,316735
933,297071
934,301848
935,315115
936,249379
937,178184
938,193882
939,217262
940,225284
941,207507
942,218388
943,232972
944,249130
945,291549
946,266635
947,269173
948,276516
949,258985
950,263014
951,267117
952,128715
953,137327
954,117368
955,107845
956,109277
957,110538
958,107530
959,112431
960,49090
961,76754
962,71348
963,68297
964,59652
965,66198
966,65151
967,65166
968,436271
969,433139
970,429455
971,408913
972,377604
973,374428
974,377720
975,390508
976,45269
977,86230
978,95920
979,92282
980,84488
981,82872
982,90000
983,94902
984,293005
985,412234
986,365278
987,343553
988,322149
989,306276
990,319771
991,324889
992,106670
993,182382
994,178984
995,160992
996,148097
997,137689
998,142841
999,152393
1000,326827
1001,316067
1002,300771
1003,280116
1004,268783
1005,272288
1006,259941
1007,257172
1008,301830
1009,250566
1010,261284
1011,251695
1012,240557
1013,233581
1014,231468
1015,238005
1016,319484
1017,318490
1018,340155
1019,353937
1020,356766
1021,355927
1022,360883
1023,361511
1024,483954
1025,627833
1026,604268
1027,565943
1028,552347
1029,530354
1030,520297
1031,558367
1032,403257
1033,411477
1034,408308
1035,379922
1036,370642
1037,363258
1038,379017
1039,393057
1040,259659
1041,400682
1042,370358
1043,343588
1044,327737
1045,321719
1046,317054
1047,337626
1048,393272
1049,226076
1050,238270
1051,248307
1052,246480
1053,239050
1054,260335
1055,273537
1056,197684
1057,249340
1058,222185
1059,199934
1060,178336
1061,168016
1062,174586
1063,183411
1064,83530
1065,117931
1066,130255
1067,132689
1068,120875
1069,119146
1070,134280
1071,133884
1072,225340
1073,266932
1074,245848
1075,230479
1076,233067
1077,232483
1078,227573
1079,229560
1080,386396
1081,415854
1082,405074
1083,400596
1084,394898
1085,392192
1086,388786
1087,380214
1088,34554
1089,62793
1090,65051
1091,59478
1092,48292
1093,45933
1094,51536
1095,54288
1096,110957
1097,152649
1098,161481
1099,160467
1100,154715
1101,155547
1102,160381
1103,169480
1104,308339
1105,315052
1106,311432
1107,292728
1108,279372
1109,278845
1110,281574
1111,290370
1112,242495
1113,303215
1114,315682
1115,309216
1116,297663
1117,285296
1118,294856
1119,296120
1120,29064
1121,34959
1122,37208
1123,35452
1124,33476
1125,34275
1126,32222
1127,37084
1128,150544
1129,104923
1130,111551
1131,125526
1132,123844
1133,111930
1134,101743
1135,102295
1136,604952
1137,388634
1138,381804
1139,380739
1140,379610
1141,390579
1142,392246
1143,389037
1144,339334
1145,329744
1146,335729
1147,336812
1148,324251
1149,322666
1150,324445
1151,317756
1152,153350
1153,82980
1154,92190
1155,103875
1156,108687
1157,115123
1158,123028
1159,131688
1160,585131
1161,525204
1162,502881
1163,479951
1164,471632
1165,462558
1166,458020
1167,483372
1168,359927
1169,349581
1170,307993
1171,301333
1172,298530
1173,285574
1174,278533
1175,301094
1176,199614
1177,291032
1178,286243
1179,255788
1180,235942
1181,232568
1182,231167
1183,239522
1184,185104
1185,280092
1186,272593
1187,266719
1188,258681
1189,254342
1190,263540
1191,268031
1192,487769
1193,362890
1194,316881
1195,299866
1196,308728
1197,319324
1198,314525
1199,322600
1200,106182
1201,143678
1202,127390
1203,118493
1204,106008
1205,91937
1206,91428
1207,105104
1208,154488
1209,157907
1210,163291
1211,165390
1212,154032
1213,161697
1214,158192
1215,150675
1216,362568
1217,484545
1218,470399
1219,440808
1220,420312
1221,416532
1222,422738
1223,432066
1224,485261
1225,518266
1226,453911
1227,412608
1228,415147
1229,420002
1230,377119
1231,386483
1232,265387
1233,87028
1234,91577
1235,105773
1236,104281
1237,109196
1238,113840
1239,118487
1240,103447
1241,80889
1242,97580
1243,112793
1244,117566
1245,107548
1246,112079
1247,126370
1248,357708
1249,294581
1250,297346
1251,289987
1252,291883
1253,291671
1254,281464
1255,280144
1256,254688
1257,260494
1258,283080
1259,278396
1260,275214
1261,254210
1262,242764
1263,246853
1264,204117
1265,96133
1266,102463
1267,98274
1268,94330
1269,88557
1270,85504
1271,97315
1272,168981
1273,258239
1274,237742
1275,199137
1276,199056
1277,212513
1278,207848
1279,227887
1280,389829
1281,363339
1282,324969
1283,326597
1284,340271
1285,337502
1286,330653
1287,330949
1288,752404
1289,539417
1290,529949
1291,509634
1292,520159
1293,528291
1294,546241
1295,542209
1296,746773
1297,495359
1298,516941
1299,501721
1300,485932
1301,460405
1302,467817
1303,508018
1304,529263
1305,526055
1306,470271
1307,467585
1308,485016
1309,495208
1310,488926
1311,495803
1312,78905
1313,94843
1314,109426
1315,112395
1316,120787
1317,120603
1318,119128
1319,118624
1320,313694
1321,311262
1322,319799
1323,312485
1324,306595
1325,310517
1326,322766
1327,328228
1328,39546
1329,79816
1330,86805
1331,85980
1332,85855
1333,82479
1334,80327
1335,78787
1336,174545
1337,145050
1338,108636
1339,107849
1340,112007
1341,102364
1342,94450
1343,102063
1344,525265
1345,518210
1346,482554
1347,465593
1348,467402
1349,479962
1350,482356
1351,479884
1352,318611
1353,450666
1354,438854
1355,439653
1356,436047
1357,420234
1358,434250
1359,432600
1360,239865
1361,140695
1362,141624
1363,152833
1364,157006
1365,168036
1366,170100
1367,179341
1368,167991
1369,262523
1370,252983
1371,263682
1372,262946
1373,248578
1374,249483
1375,261132
1376,499202
1377,255206
1378,253918
1379,247775
1380,251366
1381,243893
1382,238544
1383,246815
1384,325948
1385,385831
1386,376705
1387,351772
1388,333140
1389,351846
1390,356384
1391,366651
1392,294804
1393,254772
1394,286788
1395,295976
1396,304233
1397,303106
1398,308935
1399,311657
1400,154103
1401,209561
1402,196635
1403,182990
1404,178526
1405,184938
1406,182929
1407,173597
1408,617861
1409,514739
1410,451719
1411,416181
1412,413903
1413,424835
1414,434830
1415,442555
1416,136013
1417,133790
1418,139592
1419,139174
1420,134474
1421,130988
1422,134392
1423,139747
1424,63903
1425,115908
1426,122788
1427,123188
1428,112276
1429,97987
1430,104394
1431,116359
1432,306864
1433,427486
1434,406831
1435,386049
1436,371454
1437,364070
1438,361471
1439,356095
1440,220295
1441,298757
1442,302159
1443,300583
1444,290697
1445,297203
1446,315584
1447,329686
1448,188327
1449,294675
1450,295393
1451,282300
1452,276353
1453,276633
1454,280029
1455,280997
1456,313312
1457,308974
1458,342702
1459,343455
1460,336094
1461,334972
1462,330489
1463,343339
1464,114607
1465,151965
1466,133438
1467,122869
1468,128313
1469,123793
1470,115345
1471,125204
1472,465720
1473,356132
1474,318959
1475,318029
1476,334646
1477,352443
1478,361317
1479,371736
1480,273132
1481,279961
1482,276057
1483,262981
1484,246895
1485,237587
1486,243235
1487,253776
1488,360474
1489,255453
1490,255633
1491,257061
1492,260556
1493,257026
1494,269144
1495,277179
1496,341864
1497,254098
1498,266652
1499,275465
1500,277625
1501,286514
1502,292649
1503,294705
1504,102084
1505,123881
1506,130765
1507,123650
1508,143886
1509,126574
1510,111446
1511,115128
1512,324831
1513,382354
1514,347817
1515,326561
1516,317783
1517,321350
1518,312425
1519,311839
1520,247158
1521,257077
1522,264491
1523,258614
1524,255211
1525,251983
1526,254644
1527,254622
1528,337801
1529,341736
1530,333547
1531,307488
1532,285530
1533,283722
1534,296442
1535,305010
1536,227864
1537,320625
1538,331714
1539,305949
1540,303199
1541,298589
1542,275495
1543,269903
1544,181861
1545,273836
1546,256948
1547,231024
1548,221292
1549,207302
1550,194210
1551,202687
1552,265421
1553,198137
1554,186798
1555,186785
1556,194761
1557,198777
1558,192035
1559,191398
1560,226377
1561,267731
1562,239356
1563,225853
1564,211030
1565,207413
1566,207562
1567,214452
1568,186334
1569,260721
1570,280471
1571,277072
1572,276385
1573,267755
1574,277961
1575,289691
1576,433859
1577,431051
1578,431762
1579,416927
1580,409328
1581,405789
1582,399133
1583,405812
1584,229435
1585,252734
1586,251054
1587,251780
1588,245114
1589,243442
1590,247722
1591,247299
1592,243010
1593,156505
1594,157159
1595,154512
1596,153224
1597,154537
1598,158242
1599,163146
1600,159292
1601,214406
1602,182706
1603,171648
1604,167574
1605,163479
1606,161143
1607,174530
1608,182657
1609,244942
1610,224121
1611,215754
1612,212665
1613,201737
1614,202989
1615,213234
1616,472650
1617,359471
1618,321767
1619,303918
1620,299338
1621,314556
1622,305737
1623,313786
1624,578794
1625,598076
1626,595348
1627,593363
1628,594693
1629,581361
1630,602003
1631,626947
1632,307990
1633,280915
1634,301140
1635,295941
1636,291786
1637,293620
1638,310443
1639,306084
1640,458355
1641,339009
1642,315734
1643,297961
1644,289639
1645,292295
1646,287128
1647,308669
1648,435877
1649,278306
1650,318442
1651,316319
1652,310292
1653,309559
1654,311630
1655,313161
1656,416449
1657,598906
1658,588106
1659,594460
1660,567969
1661,541592
1662,568069
1663,579077
1664,108050
1665,201603
1666,215008
1667,205813
1668,184684
1669,195154
1670,190775
1671,177462
1672,468022
1673,422924
1674,441860
1675,439058
1676,432962
1677,420161
1678,424729
1679,435614
1680,122167
1681,163410
1682,144259
1683,140828
1684,134473
1685,131250
1686,136749
1687,143340
1688,145592
1689,234986
1690,268603
1691,286945
1692,282006
1693,260339
1694,276226
1695,282688
1696,668020
1697,449955
1698,464118
1699,447938
1700,450780
1701,452063
1702,447903
1703,471050
1704,134890
1705,165090
1706,153404
1707,127665
1708,123977
1709,127050
1710,128383
1711,127123
1712,280631
1713,347880
1714,337825
1715,313930
1716,283295
1717,271945
1718,283893
1719,282258
1720,335308
1721,221343
1722,222407
1723,196227
1724,187952
1725,191550
1726,183909
1727,193251
1728,369883
1729,339494
1730,371050
1731,385479
1732,378505
1733,376378
1734,371827
1735,391054
1736,416152
1737,459887
1738,455539
1739,428941
1740,423391
1741,404294
1742,405190
1743,437297
1744,1498
1745,1538
1746,1320
1747,1191
1748,1522
1749,1536
1750,1232
1751,1269
1752,489901
1753,266453
1754,284844
1755,299436
1756,301307
1757,304125
1758,303858
1759,295600
1760,66400
1761,77148
1762,70782
1763,74125
1764,80356
1765,81072
1766,82479
1767,85475
1768,96657
1769,165183
1770,173955
1771,171497
1772,154625
1773,139260
1774,141378
1775,139670
1776,189993
1777,243214
1778,237832
1779,230638
1780,218103
1781,202420
1782,211339
1783,215493
1784,138529
1785,121725
1786,135447
1787,135055
1788,123786
1789,114203
1790,114618
1791,116779
1792,99745
1793,131803
1794,155056
1795,164645
1796,166305
1797,169419
1798,175701
1799,177655
1800,177355
1801,164591
1802,177149
1803,183049
1804,185990
1805,188627
1806,192584
1807,201780
1808,214214
1809,197773
1810,224767
1811,217773
1812,206713
1813,199228
1814,199630
1815,209945
1816,240450
1817,204101
1818,220409
1819,214351
1820,191930
1821,195078
1822,199996
1823,212117
1824,170522
1825,210250
1826,216095
1827,204106
1828,179127
1829,166407
1830,177848
1831,193990
1832,205869
1833,248400
1834,240050
1835,238353
1836,223125
1837,200835
1838,187220
1839,216336
1840,108118
1841,126387
1842,88514
1843,84141
1844,89524
1845,100205
1846,93352
1847,94461
1848,384721
1849,233328
1850,260285
1851,271016
1852,275671
1853,283712
1854,293114
1855,287940
1856,23902
1857,32177
1858,43143
1859,52594
1860,55052
1861,58898
1862,70620
1863,73578
1864,310703
1865,304845
1866,285815
1867,298263
1868,287313
1869,265827
1870,270008
1871,291358
1872,483860
1873,386520
1874,388045
1875,387264
1876,387156
1877,368542
1878,375819
1879,392181
1880,238439
1881,256261
1882,207006
1883,197428
1884,196478
1885,202577
1886,228376
1887,234603
1888,128603
1889,185423
1890,159308
1891,145116
1892,133864
1893,127889
1894,140147
1895,146846
1896,375055
1897,283568
1898,246809
1899,238837
1900,237132
1901,227892
1902,233711
1903,254058
1904,310878
1905,261151
1906,304226
1907,315238
1908,317181
1909,314993
1910,315243
1911,323691
1912,209511
1913,270279
1914,247596
1915,223908
1916,212503
1917,209221
1918,208079
1919,198103
1920,233359
1921,190654
1922,193732
1923,185345
1924,178776
1925,180728
1926,190151
1927,206709
1928,181375
1929,259201
1930,254806
1931,235337
1932,226588
1933,225036
1934,220403
1935,221514
1936,95170
1937,76919
1938,75936
1939,76783
1940,80546
1941,82823
1942,80236
1943,81749
1944,253562
1945,377752
1946,382045
1947,366886
1948,354316
1949,346615
1950,356339
1951,362213
1952,178292
1953,303107
1954,326540
1955,330872
1956,324038
1957,314774
1958,313095
1959,306199
1960,229746
1961,213908
1962,189750
1963,176076
1964,173384
1965,172741
1966,168949
1967,168538
1968,336009
1969,459859
1970,380036
1971,348523
1972,324997
1973,327459
1974,332845
1975,351762
1976,242693
1977,267477
1978,268020
1979,253061
1980,237653
1981,231801
1982,229018
1983,232742
1984,135897
1985,153969
1986,134018
1987,131455
1988,131660
1989,135959
1990,144347
1991,149576
1992,434108
1993,294033
1994,297831
1995,296705
1996,297072
1997,304953
1998,308079
1999,313612
2000,348919
2001,331701
2002,359808
2003,361895
2004,348729
2005,339994
2006,338958
2007,352828
2008,533934
2009,629035
2010,545585
2011,496933
2012,483202
2013,476262
2014,484024
2015,504748
2016,208057
2017,269532
2018,278097
2019,272145
2020,269573
2021,258278
2022,261733
2023,276494
2024,208160
2025,223062
2026,237113
2027,235343
2028,222813
2029,220957
2030,227169
2031,236942
2032,207127
2033,251869
2034,269354
2035,282602
2036,286798
2037,289688
2038,296840
2039,305284
2040,210555
2041,231055
2042,230690
2043,228882
2044,220349
2045,210130
2046,214592
2047,225375
2048,102427
2049,166058
2050,186088
2051,186694
2052,176250
2053,165796
2054,170095
2055,177652
2056,839690
2057,630295
2058,591392
2059,578363
2060,582658
2061,576330
2062,570016
2063,557626
2064,74917
2065,134647
2066,147049
2067,148207
2068,141504
2069,137506
2070,152894
2071,158457
2072,126110
2073,142833
2074,134944
2075,141394
2076,140724
2077,147301
2078,160748
2079,147847
2080,393013
2081,257721
2082,218874
2083,232047
2084,246877
2085,246206
2086,237091
2087,260930
2088,292065
2089,194839
2090,200939
2091,202730
2092,196136
2093,190811
2094,197127
2095,207011
2096,424360
2097,373806
2098,335814
2099,321376
2100,319546
2101,326528
2102,317581
2103,301617
2104,480504
2105,257719
2106,285915
2107,280105
2108,282437
2109,293227
2110,287166
2111,299833
2112,107330
2113,125765
2114,89755
2115,78073
2116,71098
2117,67808
2118,70857
2119,75201
2120,273813
2121,279552
2122,297385
2123,308674
2124,316572
2125,323508
2126,321877
2127,322907
2128,371149
2129,525993
2130,485259
2131,458735
2132,435388
2133,429003
2134,449295
2135,464218
2136,102320
2137,165483
2138,180045
2139,180613
2140,173037
2141,157094
2142,169497
2143,194988
2144,180166
2145,180621
2146,185623
2147,180652
2148,169762
2149,164481
2150,173345
2151,186764
2152,302968
2153,337968
2154,327810
2155,297039
2156,282886
2157,294319
2158,314356
2159,314361
2160,449976
2161,400265
2162,346739
2163,346768
2164,352569
2165,350888
2166,365191
2167,376575
2168,129556
2169,141288
2170,134746
2171,131110
2172,126615
2173,129498
2174,144698
2175,147500
2176,65542
2177,101518
2178,116727
2179,139361
2180,142881
2181,119415
2182,110070
2183,101660
2184,166450
2185,241947
2186,249271
2187,247636
2188,232774
2189,234098
2190,247928
2191,248058
2192,333528
2193,265905
2194,276050
2195,271010
2196,272606
2197,256427
2198,254064
2199,253455
2200,604193
2201,567651
2202,508327
2203,493217
2204,475879
2205,467187
2206,463327
2207,464303
2208,304553
2209,389059
2210,376776
2211,347196
2212,358156
2213,329879
2214,304582
2215,339443
2216,486943
2217,504802
2218,527341
2219,526595
2220,517056
2221,523166
2222,538803
2223,544823
2224,156329
2225,174377
2226,192317
2227,209355
2228,228253
2229,235256
2230,238871
2231,239372
2232,289533
2233,348310
2234,283669
2235,262652
2236,248423
2237,245868
2238,260330
2239,281255
2240,520472
2241,387889
2242,385471
2243,389675
2244,387773
2245,387321
2246,395823
2247,414668
2248,141752
2249,169084
2250,188571
2251,216089
2252,212963
2253,182529
2254,188029
2255,219997
2256,123690
2257,136915
2258,159503
2259,161817
2260,162109
2261,162739
2262,168735
2263,170529
2264,86071
2265,165697
2266,157459
2267,146956
2268,132989
2269,129776
2270,141796
2271,139515
2272,147589
2273,73305
2274,79083
2275,84924
2276,92782
2277,95964
2278,84635
2279,81092
2280,395430
2281,315655
2282,314183
2283,313988
2284,311670
2285,314982
2286,314265
2287,309239
2288,241049
2289,291166
2290,313840
2291,312969
2292,298910
2293,282289
2294,285031
2295,281286
2296,237921
2297,178432
2298,155492
2299,152650
2300,150897
2301,154159
2302,157808
2303,164110
2304,86649
2305,133696
2306,153903
2307,157346
2308,155154
2309,144611
2310,149078
2311,158651
2312,208898
2313,133369
2314,122772
2315,119112
2316,122267
2317,126887
2318,128431
2319,134239
2320,126226
2321,153146
2322,162646
2323,160041
2324,151836
2325,136030
2326,137143
2327,154959
2328,100451
2329,151617
2330,127225
2331,119506
2332,103960
2333,100047
2334,102733
2335,103971
2336,450223
2337,407648
2338,398663
2339,376470
2340,365123
2341,358203
2342,358013
2343,357573
2344,155311
2345,117037
2346,108675
2347,103444
2348,104946
2349,103286
2350,104089
2351,111933
2352,229647
2353,116232
2354,117949
2355,118241
2356,117578
2357,108923
2358,110345
2359,120253
2360,551556
2361,410033
2362,404935
2363,400939
2364,395880
2365,389662
2366,397839
2367,409448
2368,220916
2369,289875
2370,240137
2371,211288
2372,207731
2373,211584
2374,200293
2375,216434
2376,533327
2377,517187
2378,455081
2379,431193
2380,423119
2381,425841
2382,421765
2383,446076
2384,178058
2385,281035
2386,292204
2387,275553
2388,244675
2389,224758
2390,219445
2391,224300
2392,406908
2393,442028
2394,372469
2395,366102
2396,362762
2397,359142
2398,360782
2399,373065
2400,427373
2401,468182
2402,433346
2403,419836
2404,415760
2405,408767
2406,410792
2407,415505
2408,277726
2409,157347
2410,126829
2411,125580
2412,131341
2413,158207
2414,164331
2415,166655
2416,363434
2417,313147
2418,321010
2419,306900
2420,305706
2421,293299
2422,291906
2423,299837
2424,115095
2425,134703
2426,136766
2427,131662
2428,117048
2429,113004
2430,121934
2431,128703
2432,463318
2433,388302
2434,392268
2435,391191
2436,385087
2437,381395
2438,380905
2439,388250
2440,557157
2441,524089
2442,532848
2443,527706
2444,510549
2445,503770
2446,485538
2447,486749
2448,516559
2449,419213
2450,378688
2451,372347
2452,377822
2453,381075
2454,379242
2455,372859
2456,486462
2457,281543
2458,282506
2459,274982
2460,270363
2461,267885
2462,274119
2463,278029
2464,296566
2465,323760
2466,328789
2467,326434
2468,321545
2469,317018
2470,315091
2471,317814
2472,414190
2473,430201
2474,411599
2475,396363
2476,369043
2477,356159
2478,362356
2479,389307
2480,434027
2481,506383
2482,441584
2483,422744
2484,402143
2485,390114
2486,419055
2487,425471
2488,300331
2489,416614
2490,440038
2491,426982
2492,416992
2493,399613
2494,394036
2495,388120
2496,314054
2497,278626
2498,241255
2499,243884
2500,271470
2501,282186
2502,304619
2503,306334
2504,213993
2505,289741
2506,291796
2507,272515
2508,265531
2509,267197
2510,272634
2511,261584
2512,398172
2513,301940
2514,313211
2515,307925
2516,308515
2517,306515
2518,319693
2519,335606
2520,395825
2521,239396
2522,234783
2523,234702
2524,238416
2525,232099
2526,231741
2527,243358
2528,303621
2529,270197
2530,284944
2531,288933
2532,289491
2533,282673
2534,289969
2535,290680
2536,215766
2537,225319
2538,244972
2539,245274
2540,240477
2541,237537
2542,243504
2543,257351
2544,363020
2545,372591
2546,333448
2547,326392
2548,321109
2549,308647
2550,309730
2551,330566
2552,218121
2553,218902
2554,234136
2555,228568
2556,220768
2557,223610
2558,228442
2559,223139
2560,454047
2561,493064
2562,469551
2563,443896
2564,423941
2565,409028
2566,433349
2567,443801
2568,208891
2569,187984
2570,205202
2571,205579
2572,196141
2573,188792
2574,196071
2575,213345
2576,119162
2577,171954
2578,189176
2579,182352
2580,176681
2581,185210
2582,186940
2583,176688
2584,386468
2585,230849
2586,246650
2587,240464
2588,235556
2589,232683
2590,237023
2591,248722
2592,134036
2593,139444
2594,138640
2595,138705
2596,136046
2597,124042
2598,121909
2599,133513
2600,368743
2601,380121
2602,355180
2603,339421
2604,332610
2605,329580
2606,329257
2607,350505
2608,297877
2609,364324
2610,300848
2611,271978
2612,253992
2613,249649
2614,247081
2615,251176
2616,238416
2617,162982
2618,180312
2619,182262
2620,161878
2621,163659
2622,157793
2623,146107
2624,43001
2625,67860
2626,96194
2627,122488
2628,127906
2629,110511
2630,89650
2631,88196
2632,144996
2633,131362
2634,157467
2635,151409
2636,140232
2637,142213
2638,141507
2639,138391
2640,163334
2641,203471
2642,187101
2643,179082
2644,174508
2645,175832
2646,190238
2647,198930
2648,246843
2649,188857
2650,206171
2651,211722
2652,218543
2653,237226
2654,228868
2655,234390
2656,108721
2657,108272
2658,98858
2659,98713
2660,100625
2661,101032
2662,100627
2663,103046
2664,272375
2665,272450
2666,282073
2667,287013
2668,286131
2669,278360
2670,268386
2671,269427
2672,225275
2673,219473
2674,232634
2675,231329
2676,224981
2677,240965
2678,244665
2679,230519
2680,268497
2681,225507
2682,218336
2683,197985
2684,187834
2685,190655
2686,193460
2687,200625
2688,397985
2689,493620
2690,430772
2691,401876
2692,392049
2693,391940
2694,404037
2695,420607
2696,118360
2697,87040
2698,101203
2699,106413
2700,102722
2701,96279
2702,95725
2703,97253
2704,250201
2705,293220
2706,276980
2707,270952
2708,264309
2709,240558
2710,240037
2711,259292
2712,398103
2713,423097
2714,391984
2715,379380
2716,373344
2717,377799
2718,373858
2719,375605
2720,649796
2721,501075
2722,515719
2723,515155
2724,502304
2725,490225
2726,490437
2727,501011
2728,82430
2729,90672
2730,99563
2731,104612
2732,104712
2733,104687
2734,99938
2735,106680
2736,125361
2737,169586
2738,132027
2739,115114
2740,108780
2741,111850
2742,124929
2743,124502
2744,293711
2745,298184
2746,301750
2747,295666
2748,286890
2749,279537
2750,281580
2751,277383
2752,476133
2753,477747
2754,426652
2755,403950
2756,391748
2757,416401
2758,422972
2759,415649
2760,173513
2761,151175
2762,146677
2763,140821
2764,138400
2765,142257
2766,141396
2767,142865
2768,361769
2769,412075
2770,398351
2771,386138
2772,378493
2773,369836
2774,372063
2775,381131
2776,359462
2777,472772
2778,425762
2779,401123
2780,380200
2781,378237
2782,379688
2783,391266
2784,372325
2785,346810
2786,339965
2787,339736
2788,335480
2789,340698
2790,329567
2791,328292
2792,323742
2793,423882
2794,414283
2795,398501
2796,386627
2797,375885
2798,373025
2799,373167
2800,205950
2801,214079
2802,198250
2803,200418
2804,198203
2805,201820
2806,213596
2807,225790
2808,95962
2809,151117
2810,160573
2811,156448
2812,148446
2813,146544
2814,147388
2815,143172
2816,92655
2817,157564
2818,155823
2819,152964
2820,150029
2821,152070
2822,156519
2823,155305
2824,98390
2825,104399
2826,104162
2827,98638
2828,92539
2829,86782
2830,88357
2831,87328
2832,185480
2833,208397
2834,194390
2835,183232
2836,178265
2837,187097
2838,191042
2839,203070
2840,138408
2841,119213
2842,97887
2843,93970
2844,104066
2845,99581
2846,106348
2847,125800
2848,381074
2849,334627
2850,332455
2851,336715
2852,333009
2853,317315
2854,311812
2855,320436
2856,554103
2857,582938
2858,508223
2859,477891
2860,471183
2861,469038
2862,475167
2863,493351
2864,518937
2865,505453
2866,486993
2867,470540
2868,458919
2869,445155
2870,455381
2871,467630
2872,61006
2873,77063
2874,72189
2875,79496
2876,86381
2877,92307
2878,99729
2879,94840
2880,404300
2881,501364
2882,434779
2883,400825
2884,383306
2885,381548
2886,385067
2887,393867
2888,194804
2889,333596
2890,370524
2891,372011
2892,361565
2893,354174
2894,356165
2895,361451
2896,187276
2897,271711
2898,268466
2899,269947
2900,274649
2901,289477
2902,295453
2903,289434
2904,218661
2905,257256
2906,234267
2907,218234
2908,212033
2909,205397
2910,200633
2911,214860
2912,355126
2913,416754
2914,405105
2915,384098
2916,369911
2917,361974
2918,364272
2919,371125
2920,448353
2921,439253
2922,411677
2923,394407
2924,387753
2925,387258
2926,390324
2927,393642
2928,62015
2929,130542
2930,137315
2931,143513
2932,134880
2933,121965
2934,115587
2935,107510
2936,32167
2937,54877
2938,69687
2939,74734
2940,67212
2941,62966
2942,61985
2943,71224
2944,482389
2945,625272
2946,594813
2947,541355
2948,496659
2949,451723
2950,450354
2951,469676
2952,395253
2953,374316
2954,385125
2955,372608
2956,358242
2957,374115
2958,384714
2959,377605
2960,236476
2961,298726
2962,276892
2963,259625
2964,255240
2965,257145
2966,252486
2967,254114
2968,301451
2969,263461
2970,240763
2971,228483
2972,213002
2973,207183
2974,206896
2975,221177
2976,495093
2977,576033
2978,516190
2979,481706
2980,475209
2981,478220
2982,476350
2983,484034
2984,121071
2985,32575
2986,35105
2987,47906
2988,44719
2989,45765
2990,47685
2991,58817
2992,318371
2993,424730
2994,413053
2995,396719
2996,381074
2997,366115
2998,383492
2999,402700
3000,298643
3001,233387
3002,253744
3003,250710
3004,239239
3005,227995
3006,225414
3007,241145
3008,93846
3009,95127
3010,112146
3011,115864
3012,116870
3013,119100
3014,115376
3015,114998
3016,412245
3017,273456
3018,246721
3019,255388
3020,271784
3021,271221
3022,257772
3023,256691
3024,203760
3025,247571
3026,268865
3027,272706
3028,266676
3029,271639
3030,298412
3031,306150
3032,311143
3033,442037
3034,471784
3035,457683
3036,444788
3037,447601
3038,460839
3039,475533
3040,507516
3041,439204
3042,421416
3043,396876
3044,400419
3045,404244
3046,410259
3047,420385
3048,275285
3049,185723
3050,181130
3051,179930
3052,180027
3053,182861
3054,197509
3055,203671
3056,189942
3057,214182
3058,172254
3059,177229
3060,178884
3061,151119
3062,132157
3063,143357
3064,433176
3065,504439
3066,449538
3067,434387
3068,424615
3069,425046
3070,418865
3071,411710
3072,321147
3073,318407
3074,321067
3075,309122
3076,297281
3077,284612
3078,288626
3079,305888
3080,178562
3081,88806
3082,91759
3083,92738
3084,101777
3085,110287
3086,113853
3087,123912
3088,560765
3089,380588
3090,369172
3091,381203
3092,383553
3093,370572
3094,371927
3095,401509
3096,257210
3097,155396
3098,155408
3099,170238
3100,179552
3101,186831
3102,195361
3103,217896
3104,63414
3105,108964
3106,113503
3107,112090
3108,92517
3109,73767
3110,70181
3111,84292
3112,355827
3113,281429
3114,256922
3115,249404
3116,243864
3117,240758
3118,241158
3119,229670
3120,399884
3121,204659
3122,214822
3123,224186
3124,217553
3125,207355
3126,222985
3127,237683
3128,272533
3129,353659
3130,314173
3131,302164
3132,291368
3133,283938
3134,284967
3135,287438
3136,302517
3137,336065
3138,337794
3139,325116
3140,317413
3141,314027
3142,313280
3143,329295
3144,554501
3145,385093
3146,406784
3147,417236
3148,425164
3149,430828
3150,427860
3151,433256
3152,131922
3153,248165
3154,279541
3155,266321
3156,251054
3157,248491
3158,246020
3159,249149
3160,154755
3161,224714
3162,207411
3163,196597
3164,184522
3165,183809
3166,188377
3167,191878
3168,150730
3169,252021
3170,322269
3171,326047
3172,333437
3173,347545
3174,369838
3175,364292
3176,518304
3177,288621
3178,287655
3179,281069
3180,276987
3181,264756
3182,271008
3183,278703
3184,367566
3185,280664
3186,228312
3187,207624
3188,199846
3189,195629
3190,203509
3191,217508
3192,376716
3193,480792
3194,493348
3195,498619
3196,490939
3197,484762
3198,490143
3199,495958
3200,136714
3201,129551
3202,134108
3203,137730
3204,139408
3205,142337
3206,148718
3207,153126
3208,366438
3209,457050
3210,456157
3211,428005
3212,410749
3213,418344
3214,417167
3215,412898
3216,201972
3217,293491
3218,294920
3219,289915
3220,279223
3221,271691
3222,282071
3223,286699
3224,206880
3225,280256
3226,293774
3227,290639
3228,286352
3229,266179
3230,273460
3231,268943
3232,354565
3233,368436
3234,355025
3235,343781
3236,330957
3237,328299
3238,321185
3239,322533
3240,154077
3241,138145
3242,128901
3243,130624
3244,134319
3245,140252
3246,142723
3247,136972
3248,474763
3249,355923
3250,352951
3251,366989
3252,369228
3253,369152
3254,375895
3255,387675
3256,408225
3257,357415
3258,369951
3259,390373
3260,398649
3261,410427
3262,405982
3263,405010
3264,257426
3265,408454
3266,423114
3267,426038
3268,435279
3269,431607
3270,420874
3271,415481
3272,191313
3273,150668
3274,166902
3275,157332
3276,147409
3277,156872
3278,167962
3279,176225
3280,305743
3281,350666
3282,330234
3283,299307
3284,279000
3285,255076
3286,267422
3287,285664
3288,230682
3289,298237
3290,243112
3291,227108
3292,216145
3293,213534
3294,225492
3295,231142
3296,93230
3297,69628
3298,72259
3299,68080
3300,63842
3301,65552
3302,67120
3303,65019
3304,334610
3305,309303
3306,270199
3307,267691
3308,261419
3309,251245
3310,241053
3311,252796
3312,279535
3313,287618
3314,309859
3315,304647
3316,310110
3317,312251
3318,306869
3319,298280
3320,168538
3321,89590
3322,96456
3323,106387
3324,115211
3325,105191
3326,89881
3327,93723
3328,544830
3329,385572
3330,386758
3331,384429
3332,379231
3333,380750
3334,377821
3335,387285
3336,262149
3337,247214
3338,206322
3339,187141
3340,186039
3341,199570
3342,206473
3343,209354
3344,233669
3345,286808
3346,240599
3347,234066
3348,232104
3349,229885
3350,243265
3351,250141
3352,352289
3353,473097
3354,421686
3355,400195
3356,386756
3357,381921
3358,396643
3359,429915
3360,241397
3361,270448
3362,274302
3363,261445
3364,256760
3365,253625
3366,250951
3367,247671
3368,282784
3369,279621
3370,276943
3371,260949
3372,254739
3373,256151
3374,262586
3375,260509
3376,169927
3377,249347
3378,259231
3379,248818
3380,241056
3381,235468
3382,251630
3383,272362
3384,487442
3385,492352
3386,491103
3387,472352
3388,471600
3389,452803
3390,436391
3391,456635
3392,131578
3393,118742
3394,126722
3395,131806
3396,132430
3397,129074
3398,137738
3399,139152
3400,394358
3401,356219
3402,350336
3403,339246
3404,337887
3405,348679
3406,349170
3407,342910
3408,270847
3409,157615
3410,139439
3411,135190
3412,134458
3413,144510
3414,145195
3415,128912
3416,435862
3417,476501
3418,507767
3419,467994
3420,437562
3421,444314
3422,425246
3423,405629
3424,325887
3425,362000
3426,355131
3427,359222
3428,354751
3429,335061
3430,335814
3431,336377
3432,104436
3433,179403
3434,210704
3435,218105
3436,214526
3437,223951
3438,242025
3439,236357
3440,307668
3441,387924
3442,366536
3443,355328
3444,352981
3445,354876
3446,349178
3447,363888
3448,223308
3449,247224
3450,234013
3451,210439
3452,192035
3453,187423
3454,183457
3455,192760
3456,213857
3457,132102
3458,130001
3459,130714
3460,129407
3461,133602
3462,140096
3463,145968
3464,64496
3465,92947
3466,115972
3467,123526
3468,132217
3469,131051
3470,123562
3471,131225
3472,300742
3473,417562
3474,379973
3475,352292
3476,345073
3477,337765
3478,334297
3479,338708
3480,82263
3481,97375
3482,87237
3483,69854
3484,58907
3485,56645
3486,53942
3487,64539
3488,592052
3489,345349
3490,346537
3491,349841
3492,359155
3493,366418
3494,370770
3495,382688
3496,266370
3497,291863
3498,269708
3499,250381
3500,241030
3501,235927
3502,242259
3503,248647
3504,518616
3505,462443
3506,454509
3507,455393
3508,458215
3509,443753
3510,439710
3511,453184
3512,566079
3513,348739
3514,369544
3515,377005
3516,378296
3517,374712
3518,372878
3519,382459
3520,190521
3521,158806
3522,171528
3523,168065
3524,161862
3525,151005
3526,157815
3527,164215
3528,395047
3529,236706
3530,241767
3531,235656
3532,230557
3533,225145
3534,220780
3535,229582
3536,435370
3537,584500
3538,563131
3539,526568
3540,495824
3541,487684
3542,507211
3543,523449
3544,257153
3545,356168
3546,360562
3547,340957
3548,329994
3549,315386
3550,305737
3551,308852
3552,479424
3553,546872
3554,518047
3555,497033
3556,488674
3557,480025
3558,495875
3559,516285
3560,154351
3561,190781
3562,208863
3563,222992
3564,231471
3565,230233
3566,230079
3567,234619
3568,111791
3569,159018
3570,169470
3571,151335
3572,143895
3573,149541
3574,149413
3575,151027
3576,124815
3577,236995
3578,261818
3579,255456
3580,237767
3581,219091
3582,212564
3583,226075
3584,239042
3585,318344
3586,310010
3587,298971
3588,289662
3589,290992
3590,304838
3591,310638
3592,327061
3593,325129
3594,277998
3595,242010
3596,228822
3597,227013
3598,227437
3599,240610
3600,393484
3601,401847
3602,379358
3603,358847
3604,349562
3605,352048
3606,349373
3607,348632
3608,167054
3609,124980
3610,118491
3611,118623
3612,113218
3613,114670
3614,123687
3615,128237
3616,271906
3617,254929
3618,257713
3619,253082
3620,241408
3621,235740
3622,235891
3623,238086
3624,195318
3625,225059
3626,263052
3627,269591
3628,261421
3629,259292
3630,265627
3631,266771
3632,200526
3633,229358
3634,198951
3635,191233
3636,183920
3637,175125
3638,193439
3639,211572
3640,452788
3641,417666
3642,409681
3643,400960
3644,392995
3645,402042
3646,429601
3647,450253
3648,954890
3649,651790
3650,617928
3651,582341
3652,561691
3653,571428
3654,569134
3655,579439
3656,249459
3657,333470
3658,346118
3659,359219
3660,344978
3661,338176
3662,350342
3663,342283
3664,319036
3665,499170
3666,496136
3667,473800
3668,466208
3669,442904
3670,424347
3671,427746
3672,107333
3673,161391
3674,198598
3675,222698
3676,229601
3677,229662
3678,246792
3679,244992
3680,392735
3681,378260
3682,383396
3683,378416
3684,367616
3685,368410
3686,379046
3687,385715
3688,172625
3689,110997
3690,111518
3691,119128
3692,125506
3693,126147
3694,139832
3695,142861
3696,208851
3697,175824
3698,200567
3699,204540
3700,196657
3701,179060
3702,178142
3703,199093
3704,367206
3705,425503
3706,433966
3707,430032
3708,419991
3709,401847
3710,395968
3711,405905
3712,390519
3713,401359
3714,414016
3715,410227
3716,396948
3717,381529
3718,393282
3719,409653
3720,315809
3721,329534
3722,288876
3723,268773
3724,260242
3725,242533
3726,239885
3727,255609
3728,381831
3729,262505
3730,257910
3731,258379
3732,253070
3733,248822
3734,236881
3735,256264
3736,521484
3737,501471
3738,499273
3739,500136
3740,502904
3741,518035
3742,504048
3743,506698
3744,204927
3745,179116
3746,190319
3747,195150
3748,193201
3749,192372
3750,194275
3751,196093
3752,334787
3753,328130
3754,319652
3755,304110
3756,297896
3757,283211
3758,282763
3759,287737
3760,405562
3761,364726
3762,319712
3763,316786
3764,326004
3765,316386
3766,320197
3767,318569
3768,260365
3769,222306
3770,208489
3771,203436
3772,208976
3773,197350
3774,203241
3775,225965
3776,110495
3777,145812
3778,176483
3779,189068
3780,194263
3781,202482
3782,203753
3783,198953
3784,218189
3785,207784
3786,208653
3787,201759
3788,194336
3789,196983
3790,200419
3791,203466
3792,176894
3793,275239
3794,290011
3795,272397
3796,271041
3797,260319
3798,258459
3799,284273
3800,706537
3801,357387
3802,373830
3803,383932
3804,389275
3805,389273
3806,393702
3807,395629
3808,223103
3809,206030
3810,210027
3811,231832
3812,226466
3813,212623
3814,224907
3815,225101
3816,125415
3817,132201
3818,120477
3819,113691
3820,110110
3821,104123
3822,108314
3823,114569
3824,451439
3825,481380
3826,528450
3827,526453
3828,517974
3829,513124
3830,500541
3831,491888
3832,505796
3833,490203
3834,434641
3835,407322
3836,394428
3837,399285
3838,385027
3839,376069
3840,327905
3841,278266
3842,279565
3843,270505
3844,271366
3845,262712
3846,257301
3847,252313
3848,135513
3849,131025
3850,99061
3851,102900
3852,111090
3853,117575
3854,124877
3855,129030
3856,244001
3857,248237
3858,269864
3859,279353
3860,273048
3861,282776
3862,313243
3863,310793
3864,212385
3865,228097
3866,197957
3867,179656
3868,175218
3869,173622
3870,181593
3871,200848
3872,177982
3873,144793
3874,180959
3875,195757
3876,190721
3877,179387
3878,184392
3879,189100
3880,316936
3881,241071
3882,237519
3883,232671
3884,225196
3885,216478
3886,215162
3887,215314
3888,395549
3889,465697
3890,462178
3891,445976
3892,417135
3893,398441
3894,429397
3895,453455
3896,58364
3897,85700
3898,92291
3899,96372
3900,91374
3901,83649
3902,94436
3903,100818
3904,339062
3905,212024
3906,221175
3907,224399
3908,218888
3909,208364
3910,205869
3911,213778
3912,210276
3913,284157
3914,229954
3915,211837
3916,202848
3917,192943
3918,195600
3919,194914
3920,215372
3921,186894
3922,194030
3923,187572
3924,175013
3925,172640
3926,166417
3927,171653
3928,315404
3929,210890
3930,233127
3931,240969
3932,254983
3933,246627
3934,251741
3935,268654
3936,210705
3937,196992
3938,217869
3939,213492
3940,195646
3941,180897
3942,199817
3943,228051
3944,424807
3945,467586
3946,434591
3947,411727
3948,410554
3949,416376
3950,423351
3951,435696
3952,308758
3953,370717
3954,376268
3955,369032
3956,362885
3957,366737
3958,366994
3959,362335
3960,99969
3961,78541
3962,68975
3963,75457
3964,76754
3965,77813
3966,75814
3967,81186
3968,191441
3969,111232
3970,122031
3971,133138
3972,135549
3973,123016
3974,124980
3975,134745
3976,68300
3977,96467
3978,109114
3979,98661
3980,99010
3981,102269
3982,96479
3983,94273
3984,133544
3985,171427
3986,169410
3987,155853
3988,141078
3989,141835
3990,153578
3991,153667
3992,223634
3993,191106
3994,196906
3995,193711
3996,197025
3997,184904
3998,172554
3999,179472
4000,305143
4001,280815
4002,296660
4003,296949
4004,293170
4005,286762
4006,278597
4007,286273
4008,724325
4009,543633
4010,523841
4011,499768
4012,509274
4013,514991
4014,519873
4015,520311
4016,154113
4017,108322
4018,109996
4019,115341
4020,121647
4021,127228
4022,133257
4023,130036
4024,145734
4025,244683
4026,233405
4027,214390
4028,207298
4029,203070
4030,206438
4031,218189
4032,156030
4033,139793
4034,117746
4035,113275
4036,110895
4037,108524
4038,109221
4039,115764
4040,247193
4041,307421
4042,299894
4043,282162
4044,268352
4045,254797
4046,268994
4047,267467
4048,244365
4049,294570
4050,314388
4051,308558
4052,296561
4053,288020
4054,277133
4055,283302
4056,233016
4057,298120
4058,304952
4059,299293
4060,308808
4061,291937
4062,283855
4063,273710
4064,207683
4065,367399
4066,381445
4067,370326
4068,366617
4069,360731
4070,356149
4071,351396
4072,561396
4073,516004
4074,460509
4075,438906
4076,448279
4077,463047
4078,464861
4079,447952
4080,228679
4081,299125
4082,336298
4083,339939
4084,338942
4085,335302
4086,344627
4087,350187
4088,545211
4089,430259
4090,457784
4091,469866
4092,465428
4093,446960
4094,441526
4095,431631
4096,77080
4097,81883
4098,96154
4099,99307
4100,102816
4101,104095
4102,104635
4103,109053
4104,254106
4105,272691
4106,281073
4107,264862
4108,282064
4109,285288
4110,281052
4111,278959
4112,242661
4113,316408
4114,344933
4115,351364
4116,342557
4117,342222
4118,340490
4119,336276
4120,131151
4121,157387
4122,174050
4123,161431
4124,142682
4125,131981
4126,134666
4127,142174
4128,110641
4129,115394
4130,119503
4131,134561
4132,127359
4133,105297
4134,92536
4135,91465
4136,338344
4137,348423
4138,333387
4139,321952
4140,316709
4141,319151
4142,322220
4143,324753
4144,349611
4145,314739
4146,328070
4147,330878
4148,340198
4149,346860
4150,353274
4151,357903
4152,451034
4153,474208
4154,459565
4155,440453
4156,438238
4157,414154
4158,396941
4159,419526
4160,312051
4161,252471
4162,230775
4163,224602
4164,216141
4165,208903
4166,213438
4167,222057
4168,536929
4169,463313
4170,430272
4171,412337
4172,415306
4173,409612
4174,408604
4175,408167
4176,29473
4177,36754
4178,33613
4179,34465
4180,37304
4181,36876
4182,36129
4183,40149
4184,188818
4185,221574
4186,225277
4187,217237
4188,203696
4189,203960
4190,203216
4191,227858
4192,248162
4193,222123
4194,235668
4195,234960
4196,237269
4197,234097
4198,245155
4199,258424
4200,423131
4201,585317
4202,567310
4203,542908
4204,537424
4205,538152
4206,540691
4207,567925
4208,313822
4209,325452
4210,282869
4211,265970
4212,263618
4213,253696
4214,254508
4215,267502
4216,102485
4217,87442
4218,78044
4219,73578
4220,68186
4221,65266
4222,62892
4223,65814
4224,368988
4225,447169
4226,476038
4227,472956
4228,458010
4229,457596
4230,452500
4231,455158
4232,208782
4233,268217
4234,235266
4235,223185
4236,213241
4237,203926
4238,218782
4239,219457
4240,129044
4241,152528
4242,149302
4243,158249
4244,159745
4245,171750
4246,178669
4247,184059
4248,110851
4249,133642
4250,131923
4251,127735
4252,125482
4253,122855
4254,126227
4255,130075
4256,73675
4257,124104
4258,102090
4259,89317
4260,82799
4261,76331
4262,68219
4263,65253
4264,388008
4265,381603
4266,315143
4267,289864
4268,281692
4269,277746
4270,286374
4271,284889
4272,334933
4273,367207
4274,376319
4275,372700
4276,364586
4277,363379
4278,363483
4279,368148
4280,372415
4281,458416
4282,408584
4283,382357
4284,376180
4285,371699
4286,376665
4287,382800
4288,288684
4289,329960
4290,285467
4291,268250
4292,260858
4293,260476
4294,260873
4295,268032
4296,203834
4297,280200
4298,254839
4299,235250
4300,215873
4301,196503
4302,203352
4303,223889
4304,314586
4305,281500
4306,262309
4307,264195
4308,264165
4309,269650
4310,270057
4311,269280
4312,200514
4313,280550
4314,235259
4315,195025
4316,183967
4317,186378
4318,183809
4319,190730
4320,123478
4321,126727
4322,113261
4323,108234
4324,111391
4325,105256
4326,102187
4327,112427
4328,310052
4329,404696
4330,342690
4331,309817
4332,301840
4333,295902
4334,295317
4335,300927
4336,258222
4337,273612
4338,289414
4339,278882
4340,273629
4341,267680
4342,264008
4343,271531
4344,208721
4345,122662
4346,127722
4347,137262
4348,139761
4349,146838
4350,150952
4351,153611
4352,448186
4353,427449
4354,376190
4355,353092
4356,343290
4357,349092
4358,350558
4359,346936
4360,175643
4361,244035
4362,225982
4363,222287
4364,227755
4365,222104
4366,222806
4367,225622
4368,402571
4369,380622
4370,384413
4371,372221
4372,362164
4373,355515
4374,351677
4375,352536
4376,154602
4377,199095
4378,166133
4379,157610
4380,157661
4381,148715
4382,159031
4383,176031
4384,290208
4385,362412
4386,345098
4387,326803
4388,311548
4389,306076
4390,301205
4391,297879
4392,234270
4393,135322
4394,140112
4395,134936
4396,141440
4397,150263
4398,146680
4399,155921
4400,161610
4401,213278
4402,180866
4403,170375
4404,161044
4405,159576
4406,166438
4407,176010
4408,411050
4409,451544
4410,381151
4411,355303
4412,355719
4413,358856
4414,347389
4415,360725
4416,326223
4417,314306
4418,309773
4419,281087
4420,271300
4421,276255
4422,278032
4423,282730
4424,57506
4425,108101
4426,125182
4427,133039
4428,125675
4429,122796
4430,127991
4431,124910
4432,394526
4433,372275
4434,342000
4435,327616
4436,327228
4437,338258
4438,350643
4439,362735
4440,416624
4441,558972
4442,563733
4443,516973
4444,500749
4445,488048
4446,476421
4447,439461
4448,518490
4449,640453
4450,562887
4451,521948
4452,502919
4453,505911
4454,516680
4455,525282
4456,242405
4457,250922
4458,256393
4459,246683
4460,236199
4461,233705
4462,234901
4463,245421
4464,274180
4465,225963
4466,232214
4467,230732
4468,221467
4469,216380
4470,220406
4471,220649
4472,105581
4473,113143
4474,124494
4475,125290
4476,125497
4477,126962
4478,129162
4479,134190
4480,193087
4481,230823
4482,264897
4483,265797
4484,254055
4485,245404
4486,259177
4487,268696
4488,305481
4489,311687
4490,329452
4491,323703
4492,323859
4493,323339
4494,325823
4495,323333
4496,302539
4497,248580
4498,261182
4499,270704
4500,270799
4501,262718
4502,269844
4503,277314
4504,103380
4505,157160
4506,129089
4507,116015
4508,108131
4509,115135
4510,128008
4511,125583
4512,292212
4513,315192
4514,332201
4515,320268
4516,300977
4517,273500
4518,256458
4519,268531
4520,200797
4521,268098
4522,278793
4523,265612
4524,270160
4525,266917
4526,277923
4527,278026
4528,381236
4529,383222
4530,383580
4531,383857
4532,391676
4533,387440
4534,389404
4535,394885
4536,143915
4537,230280
4538,241037
4539,237682
4540,229814
4541,209010
4542,208661
4543,218006
4544,291660
4545,269326
4546,303372
4547,308003
4548,306248
4549,303773
4550,304877
4551,303815
4552,79861
4553,103599
4554,107765
4555,93654
4556,90637
4557,86597
4558,83372
4559,83417
4560,318855
4561,344037
4562,389568
4563,391570
4564,383640
4565,376486
4566,390510
4567,416946
4568,236291
4569,320655
4570,314171
4571,297193
4572,289367
4573,289061
4574,286307
4575,282427
4576,496429
4577,394155
4578,368007
4579,366425
4580,363707
4581,371373
4582,382928
4583,392895
4584,404615
4585,326349
4586,364219
4587,377169
4588,372777
4589,368683
4590,367151
4591,379892
4592,327272
4593,175213
4594,182565
4595,171551
4596,169499
4597,190625
4598,204032
4599,204786
4600,172319
4601,124780
4602,127585
4603,123352
4604,117855
4605,115472
4606,115480
4607,126919
4608,580354
4609,629243
4610,591430
4611,545537
4612,524214
4613,535282
4614,526731
4615,514132
4616,481392
4617,528761
4618,455490
4619,421991
4620,384024
4621,386230
4622,434998
4623,443015
4624,749816
4625,404820
4626,390289
4627,396466
4628,408341
4629,421227
4630,411627
4631,400366
4632,261086
4633,172417
4634,203159
4635,210011
4636,199743
4637,197512
4638,181665
4639,194750
4640,258527
4641,260121
4642,249707
4643,240756
4644,241431
4645,251256
4646,244649
4647,228877
4648,107182
4649,154079
4650,156207
4651,147783
4652,136610
4653,122732
4654,131144
4655,144277
4656,331585
4657,514550
4658,566542
4659,540428
4660,504209
4661,460369
4662,428696
4663,448127
4664,127475
4665,179894
4666,163170
4667,149423
4668,140398
4669,138069
4670,143789
4671,143985
4672,377163
4673,324427
4674,311897
4675,290856
4676,254631
4677,259718
4678,285460
4679,280193
4680,447877
4681,477292
4682,490515
4683,482107
4684,465084
4685,446534
4686,448911
4687,462038
4688,115569
4689,121713
4690,96726
4691,86699
4692,91786
4693,87424
4694,91129
4695,112342
4696,104207
4697,141774
4698,153788
4699,154428
4700,149938
4701,136621
4702,132106
4703,146232
4704,405298
4705,347752
4706,303091
4707,293750
4708,297216
4709,276979
4710,287905
4711,323109
4712,148598
4713,132405
4714,119910
4715,118563
4716,121239
4717,126940
4718,133388
4719,136105
4720,512247
4721,485416
4722,496743
4723,471730
4724,460211
4725,444563
4726,455159
4727,468190
4728,161230
4729,223426
4730,217905
4731,191645
4732,175599
4733,170060
4734,166781
4735,172976
4736,575067
4737,649691
4738,597134
4739,568347
4740,559328
4741,559720
4742,569729
4743,566940
4744,352250
4745,349207
4746,342967
4747,347941
4748,361397
4749,371190
4750,361547
4751,359380
4752,220660
4753,294431
4754,292851
4755,276245
4756,270011
4757,270596
4758,260637
4759,254522
4760,272726
4761,212823
4762,232483
4763,253939
4764,251239
4765,239889
4766,253610
4767,274635
4768,185900
4769,216738
4770,197100
4771,178564
4772,164437
4773,162266
4774,161949
4775,163926
4776,420578
4777,376281
4778,337314
4779,331426
4780,345772
4781,380605
4782,376392
4783,355765
4784,141163
4785,123781
4786,118253
4787,114614
4788,118004
4789,123382
4790,133097
4791,135005
4792,65153
4793,103126
4794,87282
4795,82669
4796,73720
4797,61822
4798,59624
4799,68826
4800,238019
4801,220335
4802,161503
4803,157655
4804,168977
4805,170534
4806,165229
4807,166517
4808,244458
4809,196143
4810,171012
4811,145627
4812,142482
4813,143692
4814,152081
4815,170361
4816,167587
4817,215161
4818,219839
4819,229426
4820,220992
4821,206205
4822,207353
4823,203329
4824,309992
4825,315623
4826,282456
4827,266137
4828,255283
4829,237082
4830,226836
4831,232552
4832,355713
4833,148718
4834,142926
4835,138304
4836,153850
4837,156822
4838,155287
4839,173205
4840,234609
4841,303328
4842,339442
4843,336317
4844,335138
4845,326570
4846,323910
4847,324694
4848,233505
4849,356589
4850,327605
4851,302131
4852,284644
4853,283379
4854,274230
4855,284803
4856,545048
4857,614599
4858,553534
4859,516921
4860,498467
4861,500639
4862,505911
4863,519733
4864,319417
4865,415427
4866,383491
4867,379678
4868,381871
4869,378230
4870,390537
4871,385138
4872,329539
4873,319046
4874,291480
4875,292818
4876,301230
4877,312257
4878,329276
4879,317036
4880,152200
4881,134178
4882,138769
4883,144146
4884,149701
4885,149875
4886,149851
4887,146569
4888,124275
4889,85848
4890,93583
4891,96125
4892,87228
4893,79953
4894,77189
4895,80415
4896,320176
4897,469105
4898,444345
4899,418174
4900,407988
4901,398762
4902,410464
4903,405748
4904,305635
4905,407900
4906,367052
4907,337458
4908,326670
4909,319044
4910,320909
4911,320454
4912,424943
4913,484668
4914,492520
4915,476288
4916,465106
4917,445052
4918,443519
4919,462447
4920,507942
4921,443113
4922,436712
4923,433529
4924,420595
4925,420688
4926,417701
4927,425583
4928,118798
4929,152606
4930,156622
4931,148854
4932,145971
4933,151716
4934,159502
4935,159850
4936,146709
4937,156378
4938,173810
4939,187000
4940,201188
4941,195922
4942,199483
4943,193179
4944,413002
4945,394904
4946,384938
4947,387500
4948,408164
4949,435551
4950,436897
4951,427240
4952,206568
4953,248238
4954,232894
4955,224188
4956,214143
4957,209921
4958,210882
4959,217377
4960,438479
4961,451053
4962,403212
4963,390107
4964,393674
4965,390828
4966,394391
4967,398768
4968,491238
4969,508446
4970,434455
4971,408533
4972,395944
4973,378259
4974,373025
4975,376666
4976,603912
4977,399772
4978,392361
4979,390447
4980,390071
4981,380079
4982,379197
4983,377794
4984,274650
4985,212695
4986,222504
4987,250242
4988,253219
4989,241922
4990,229132
4991,234786
4992,153190
4993,224441
4994,267467
4995,268082
4996,265081
4997,251659
4998,236664
4999,230985
5000,615186
5001,699620
5002,643116
5003,597478
5004,582947
5005,573857
5006,580965
5007,596567
5008,225771
5009,259176
5010,236670
5011,229269
5012,223489
5013,222270
5014,227943
5015,236657
5016,355108
5017,329446
5018,345374
5019,352726
5020,366753
5021,367786
5022,364529
5023,368174
5024,210613
5025,182468
5026,203163
5027,202599
5028,190624
5029,183651
5030,193751
5031,200032
5032,285412
5033,242423
5034,213684
5035,208507
5036,210046
5037,213083
5038,214836
5039,219636
5040,241493
5041,206698
5042,199171
5043,210031
5044,219113
5045,220441
5046,229991
5047,237965
5048,207229
5049,351359
5050,329940
5051,309532
5052,292808
5053,274041
5054,275313
5055,271909
5056,69845
5057,115123
5058,129066
5059,130287
5060,123554
5061,116033
5062,126970
5063,129304
5064,199882
5065,242545
5066,239690
5067,230504
5068,212564
5069,209211
5070,226476
5071,233119
5072,89778
5073,100992
5074,87013
5075,87409
5076,77846
5077,76250
5078,75216
5079,76726
5080,239717
5081,147258
5082,168313
5083,171265
5084,174508
5085,168095
5086,165219
5087,184238
5088,391039
5089,565477
5090,739104
5091,706466
5092,563762
5093,510204
5094,532742
5095,572272
5096,362311
5097,278445
5098,318404
5099,283894
5100,244238
5101,233820
5102,241539
5103,263495
5104,381252
5105,256229
5106,274950
5107,264963
5108,260661
5109,253644
5110,278826
5111,294623
5112,201804
5113,209080
5114,220570
5115,221499
5116,214874
5117,224933
5118,217723
5119,212562
5120,376533
5121,258593
5122,275136
5123,281831
5124,287030
5125,295127
5126,312673
5127,311678
5128,179968
5129,203288
5130,169049
5131,156221
5132,153290
5133,149281
5134,150451
5135,157538
5136,395876
5137,467391
5138,457424
5139,451043
5140,454034
5141,449424
5142,443780
5143,450470
5144,281098
5145,352414
5146,299188
5147,277730
5148,266545
5149,267614
5150,271995
5151,273006
5152,156246
5153,278715
5154,310780
5155,308722
5156,283742
5157,263222
5158,284404
5159,297672
5160,227667
5161,338257
5162,360294
5163,372171
5164,380961
5165,371671
5166,359397
5167,348729
5168,440770
5169,344048
5170,292851
5171,301836
5172,316553
5173,329644
5174,327309
5175,330518
5176,339822
5177,310890
5178,327217
5179,332925
5180,335152
5181,330753
5182,319934
5183,317919
5184,314008
5185,312154
5186,294739
5187,285570
5188,284677
5189,289984
5190,296988
5191,300490
5192,199604
5193,265293
5194,255624
5195,236265
5196,233895
5197,228094
5198,212125
5199,214174
5200,25053
5201,34935
5202,41532
5203,44745
5204,41555
5205,44099
5206,54799
5207,61557
5208,877422
5209,704522
5210,726575
5211,696490
5212,596455
5213,630381
5214,760869
5215,1062283
5216,280892
5217,216903
5218,225239
5219,225981
5220,225839
5221,216232
5222,214845
5223,213656
5224,119143
5225,155684
5226,147767
5227,143230
5228,144867
5229,148394
5230,162716
5231,164498
5232,107074
5233,130304
5234,131431
5235,124536
5236,118890
5237,121743
5238,118240
5239,121752
5240,228045
5241,207283
5242,195762
5243,198016
5244,193188
5245,188569
5246,189882
5247,205827
5248,197242
5249,246245
5250,233985
5251,225092
5252,213347
5253,199786
5254,205495
5255,224646
5256,301219
5257,279942
5258,284991
5259,280268
5260,282712
5261,277077
5262,280607
5263,283212
5264,368214
5265,420414
5266,435620
5267,433123
5268,427183
5269,418501
5270,418189
5271,420987
5272,391911
5273,345030
5274,340608
5275,332776
5276,326999
5277,331419
5278,337631
5279,348551
5280,559316
5281,501676
5282,487690
5283,494572
5284,498212
5285,506381
5286,533728
5287,536748
5288,242512
5289,327163
5290,318151
5291,292332
5292,284866
5293,293584
5294,290155
5295,269874
5296,299692
5297,485047
5298,469495
5299,463112
5300,459262
5301,442760
5302,453285
5303,450511
5304,144613
5305,104366
5306,128840
5307,155622
5308,147469
5309,136626
5310,149237
5311,163003
5312,216725
5313,265142
5314,283024
5315,279634
5316,271491
5317,271926
5318,271291
5319,274103
5320,252594
5321,436431
5322,417794
5323,400389
5324,372760
5325,359135
5326,355642
5327,359741
5328,40420
5329,61545
5330,77282
5331,89219
5332,81549
5333,74719
5334,73011
5335,73298
5336,313078
5337,392301
5338,372511
5339,352217
5340,334697
5341,326942
5342,320668
5343,343389
5344,37078
5345,53286
5346,48750
5347,51171
5348,50785
5349,53597
5350,54839
5351,56926
5352,90047
5353,128999
5354,154692
5355,156521
5356,147966
5357,137199
5358,139165
5359,136530
5360,432787
5361,478552
5362,445926
5363,424499
5364,427589
5365,425428
5366,406483
5367,416488
5368,572158
5369,531970
5370,553157
5371,554042
5372,530112
5373,535490
5374,542375
5375,533007
5376,151279
5377,182890
5378,180033
5379,167294
5380,156262
5381,161195
5382,161722
5383,187441
5384,172679
5385,244983
5386,264872
5387,257831
5388,245601
5389,246421
5390,274770
5391,273133
5392,545687
5393,433103
5394,394997
5395,391976
5396,401550
5397,397940
5398,398786
5399,413617
5400,360296
5401,378304
5402,333038
5403,320898
5404,326308
5405,332944
5406,323885
5407,327474
5408,257323
5409,232069
5410,251219
5411,250211
5412,254594
5413,243704
5414,253247
5415,268029
5416,272170
5417,275906
5418,280383
5419,268687
5420,246640
5421,235305
5422,247936
5423,245320
5424,164162
5425,144662
5426,161886
5427,155706
5428,149617
5429,134755
5430,125087
5431,126093
5432,177046
5433,120812
5434,102745
5435,101286
5436,106095
5437,110231
5438,109861
5439,113270
5440,179064
5441,184450
5442,174923
5443,160768
5444,153709
5445,155791
5446,162031
5447,171241
5448,344924
5449,325907
5450,313255
5451,307527
5452,309908
5453,308781
5454,308140
5455,313062
5456,430723
5457,366011
5458,358035
5459,360107
5460,356281
5461,352031
5462,350948
5463,359332
5464,411855
5465,359940
5466,330013
5467,300741
5468,283469
5469,268410
5470,279535
5471,300007
5472,347459
5473,362824
5474,385874
5475,378821
5476,361383
5477,362267
5478,369798
5479,378354
5480,256912
5481,382738
5482,394213
5483,386968
5484,373752
5485,370241
5486,367755
5487,382286
5488,186124
5489,201644
5490,204146
5491,213875
5492,217091
5493,214499
5494,221267
5495,230380
5496,326629
5497,262126
5498,273076
5499,273598
5500,275723
5501,286519
5502,297602
5503,309902
5504,177319
5505,250363
5506,251051
5507,247507
5508,237863
5509,254811
5510,262457
5511,245642
5512,154178
5513,175351
5514,183065
5515,195444
5516,191735
5517,192427
5518,197063
5519,196482
5520,705890
5521,701747
5522,682363
5523,659069
5524,632728
5525,616917
5526,633948
5527,675658
5528,219266
5529,287789
5530,284702
5531,262262
5532,246340
5533,250806
5534,242352
5535,251078
5536,408998
5537,380274
5538,364880
5539,348839
5540,341834
5541,334381
5542,324609
5543,326279
5544,522324
5545,491485
5546,480508
5547,458749
5548,451941
5549,450947
5550,453798
5551,457365
5552,288950
5553,348236
5554,309790
5555,290825
5556,279272
5557,254190
5558,255007
5559,269440
5560,404359
5561,310151
5562,294616
5563,284652
5564,286066
5565,293887
5566,297872
5567,297498
5568,194286
5569,143648
5570,151133
5571,153872
5572,145768
5573,137752
5574,142619
5575,143568
5576,366196
5577,502550
5578,511300
5579,482465
5580,459065
5581,448553
5582,450001
5583,460511
5584,132571
5585,154408
5586,152409
5587,154431
5588,148997
5589,146960
5590,150516
5591,150592
5592,35043
5593,61474
5594,65067
5595,64611
5596,56659
5597,55652
5598,68663
5599,74476
5600,205487
5601,161116
5602,155262
5603,162933
5604,167244
5605,170300
5606,181489
5607,197848
5608,261964
5609,237809
5610,257553
5611,261382
5612,254257
5613,244516
5614,247704
5615,250923
5616,438920
5617,451090
5618,421169
5619,401482
5620,397375
5621,408825
5622,397477
5623,382290
5624,406599
5625,399661
5626,366566
5627,350419
5628,342243
5629,328643
5630,337816
5631,349264
5632,251193
5633,374816
5634,339816
5635,317527
5636,302895
5637,288631
5638,276331
5639,279835
5640,223326
5641,299343
5642,297382
5643,293111
5644,290382
5645,309155
5646,322975
5647,319948
5648,279110
5649,278331
5650,269236
5651,254468
5652,244505
5653,235997
5654,240210
5655,247178
5656,473885
5657,408276
5658,406553
5659,402621
5660,398463
5661,391069
5662,398406
5663,414174
5664,296018
5665,357804
5666,310495
5667,278551
5668,271079
5669,275626
5670,268632
5671,270136
5672,275796
5673,125324
5674,139665
5675,139690
5676,133926
5677,137055
5678,145208
5679,154682
5680,165107
5681,168167
5682,187853
5683,190741
5684,187548
5685,184651
5686,198350
5687,204809
5688,193043
5689,95506
5690,92052
5691,97601
5692,97880
5693,98352
5694,104800
5695,107127
5696,375717
5697,293629
5698,295633
5699,292565
5700,294819
5701,280247
5702,276704
5703,277206
5704,207547
5705,244681
5706,226823
5707,219216
5708,205144
5709,195520
5710,187053
5711,203470
5712,567630
5713,601016
5714,566141
5715,536975
5716,522201
5717,529641
5718,536879
5719,550610
5720,338684
5721,347219
5722,340353
5723,324991
5724,310733
5725,292350
5726,294558
5727,306988
5728,307274
5729,309975
5730,293598
5731,290998
5732,295476
5733,287886
5734,287767
5735,302429
5736,514573
5737,456013
5738,403764
5739,374389
5740,365765
5741,378194
5742,398061
5743,396174
5744,301549
5745,273826
5746,267789
5747,261875
5748,261034
5749,251787
5750,268605
5751,281438
5752,311197
5753,353424
5754,298351
5755,273247
5756,269689
5757,271995
5758,267859
5759,268378
5760,286532
5761,371537
5762,344534
5763,327708
5764,313976
5765,319678
5766,329998
5767,332415
5768,352309
5769,494274
5770,447079
5771,417200
5772,411107
5773,405827
5774,406393
5775,413254
5776,371757
5777,415716
5778,365341
5779,351943
5780,353682
5781,358695
5782,351628
5783,350955
5784,152396
5785,120464
5786,113972
5787,110556
5788,111235
5789,112523
5790,111358
5791,119174
5792,273851
5793,226725
5794,236701
5795,235430
5796,231808
5797,230965
5798,235780
5799,236324
5800,428854
5801,432597
5802,393961
5803,369730
5804,371386
5805,374302
5806,372856
5807,370793
5808,83192
5809,119949
5810,131496
5811,138329
5812,139884
5813,142357
5814,146549
5815,137076
5816,365770
5817,246749
5818,242135
5819,222960
5820,208013
5821,197705
5822,198589
5823,222869
5824,282225
5825,316696
5826,319989
5827,318253
5828,319218
5829,327156
5830,323633
5831,322559
5832,200111
5833,246721
5834,264207
5835,255848
5836,254924
5837,249807
5838,253148
5839,255603
5840,171538
5841,174756
5842,177200
5843,175738
5844,163713
5845,160543
5846,177092
5847,185995
5848,87345
5849,106388
5850,92230
5851,82463
5852,87371
5853,99788
5854,102326
5855,99574
5856,312670
5857,222835
5858,217841
5859,221072
5860,220509
5861,219418
5862,222156
5863,231907
5864,121684
5865,200185
5866,189218
5867,158660
5868,144905
5869,149695
5870,157214
5871,161218
5872,102200
5873,147176
5874,142070
5875,125178
5876,119500
5877,122252
5878,129595
5879,127629
5880,504866
5881,466487
5882,434548
5883,424984
5884,416877
5885,411003
5886,413738
5887,424883
5888,189028
5889,208901
5890,215411
5891,215556
5892,199091
5893,190686
5894,194892
5895,204145
5896,219492
5897,272208
5898,264209
5899,243445
5900,229977
5901,219563
5902,213644
5903,219965
5904,388439
5905,345865
5906,349617
5907,348357
5908,337970
5909,339401
5910,333575
5911,345294
5912,178764
5913,203641
5914,224236
5915,230398
5916,204254
5917,197290
5918,213698
5919,223823
5920,239927
5921,289354
5922,296447
5923,293173
5924,289958
5925,278206
5926,274828
5927,291318
5928,234133
5929,350095
5930,290186
5931,258856
5932,260880
5933,260223
5934,248930
5935,244867
5936,576442
5937,280796
5938,276388
5939,281526
5940,282919
5941,282516
5942,277896
5943,279855
5944,176224
5945,184711
5946,173950
5947,184918
5948,188203
5949,188288
5950,193781
5951,198504
5952,561049
5953,539494
5954,516338
5955,501976
5956,525686
5957,529234
5958,522071
5959,540129
5960,169791
5961,161497
5962,150779
5963,162580
5964,168145
5965,161449
5966,175443
5967,184928
5968,171146
5969,95239
5970,93598
5971,107584
5972,128257
5973,131787
5974,143304
5975,158018
5976,318561
5977,288781
5978,294183
5979,281116
5980,264931
5981,257092
5982,260189
5983,257538
5984,473743
5985,448706
5986,420453
5987,401297
5988,378897
5989,388547
5990,377614
5991,412397
5992,492744
5993,573248
5994,508251
5995,484994
5996,468271
5997,451303
5998,437653
5999,448940
6000,104804
6001,138520
6002,99597
6003,86473
6004,80558
6005,81686
6006,89335
6007,94587
6008,464220
6009,421044
6010,426982
6011,425091
6012,425829
6013,422021
6014,417888
6015,421128
6016,289295
6017,308225
6018,243274
6019,227065
6020,230596
6021,200826
6022,216918
6023,236382
6024,250181
6025,277501
6026,298188
6027,294783
6028,277048
6029,256005
6030,260976
6031,274881
6032,262517
6033,252041
6034,264019
6035,262645
6036,260309
6037,256199
6038,254417
6039,255944
6040,314632
6041,284760
6042,317201
6043,319074
6044,318742
6045,321069
6046,315422
6047,318478
6048,682326
6049,523856
6050,514651
6051,490562
6052,508864
6053,500883
6054,511631
6055,531053
6056,195909
6057,266138
6058,245760
6059,226840
6060,207080
6061,200850
6062,209275
6063,209045
6064,839092
6065,543642
6066,522690
6067,503870
6068,508029
6069,513107
6070,520548
6071,528896
6072,524650
6073,510861
6074,499534
6075,482241
6076,468965
6077,493209
6078,501646
6079,497662
6080,473585
6081,311353
6082,341521
6083,348152
6084,348198
6085,339667
6086,328252
6087,344037
6088,411935
6089,350843
6090,367656
6091,347996
6092,349659
6093,345266
6094,343611
6095,349095
6096,301861
6097,436347
6098,451530
6099,430654
6100,413462
6101,382663
6102,406881
6103,421541
6104,350142
6105,378224
6106,410980
6107,435288
6108,442108
6109,413938
6110,432127
6111,441900
6112,366861
6113,433218
6114,463792
6115,440795
6116,438060
6117,423827
6118,424888
6119,462578
6120,404125
6121,510699
6122,456716
6123,427202
6124,407579
6125,393526
6126,385332
6127,395420
6128,461545
6129,241943
6130,249269
6131,251268
6132,253332
6133,243623
6134,247347
6135,253593
6136,204970
6137,241960
6138,230330
6139,239955
6140,237899
6141,251152
6142,254752
6143,242782
6144,125015
6145,192556
6146,208952
6147,197643
6148,203141
6149,200350
6150,236848
6151,242478
6152,248081
6153,265757
6154,284124
6155,283108
6156,271854
6157,271079
6158,275457
6159,274812
6160,268128
6161,314446
6162,296442
6163,279054
6164,265775
6165,265810
6166,270884
6167,281048
6168,121536
6169,210148
6170,206593
6171,209613
6172,214471
6173,196570
6174,193320
6175,214308
6176,223684
6177,206415
6178,238092
6179,234756
6180,222488
6181,212403
6182,203868
6183,209297
6184,280200
6185,353987
6186,361991
6187,361860
6188,346666
6189,328639
6190,319279
6191,324997
6192,62150
6193,122134
6194,142571
6195,137438
6196,144770
6197,144789
6198,149006
6199,158938
6200,681089
6201,586110
6202,501060
6203,476484
6204,472169
6205,476612
6206,473706
6207,484103
6208,511893
6209,396132
6210,411550
6211,401239
6212,390290
6213,395525
6214,397006
6215,405483
6216,263756
6217,289517
6218,286364
6219,280856
6220,265467
6221,246452
6222,241953
6223,257910
6224,229912
6225,313575
6226,293947
6227,268853
6228,265195
6229,268790
6230,257666
6231,257444
6232,494436
6233,400335
6234,387776
6235,385658
6236,382035
6237,363430
6238,380392
6239,424458
6240,269590
6241,294780
6242,294513
6243,277447
6244,269656
6245,264329
6246,259924
6247,267847
6248,281630
6249,355572
6250,350040
6251,346740
6252,348833
6253,350227
6254,358899
6255,358257
6256,576228
6257,520367
6258,491606
6259,467785
6260,455324
6261,434734
6262,434333
6263,472857
6264,427190
6265,375359
6266,384473
6267,387314
6268,387609
6269,391957
6270,388716
6271,399455
6272,232769
6273,228709
6274,252986
6275,253412
6276,258477
6277,247022
6278,251509
6279,264860
6280,10620
6281,28169
6282,34119
6283,29407
6284,22842
6285,17660
6286,17244
6287,15501
6288,273883
6289,419957
6290,371893
6291,339536
6292,319300
6293,309342
6294,307575
6295,313943
6296,264122
6297,187060
6298,199324
6299,199450
6300,197501
6301,193672
6302,186323
6303,181645
6304,194147
6305,246854
6306,276140
6307,282172
6308,278581
6309,270354
6310,269972
6311,268184
6312,76238
6313,109928
6314,101749
6315,96802
6316,90816
6317,85233
6318,81842
6319,83559
6320,163357
6321,166823
6322,137425
6323,137242
6324,130667
6325,120524
6326,136349
6327,143426
6328,18829
6329,48137
6330,86604
6331,96296
6332,63101
6333,58302
6334,61159
6335,55817
6336,337658
6337,342213
6338,335725
6339,325944
6340,318637
6341,315038
6342,313078
6343,318272
6344,291721
6345,347225
6346,351177
6347,349250
6348,358985
6349,352590
6350,366144
6351,365488
6352,309570
6353,411239
6354,364136
6355,340599
6356,327179
6357,343302
6358,348121
6359,337168
6360,691016
6361,628553
6362,589592
6363,551921
6364,548983
6365,574603
6366,572534
6367,570731
6368,241060
6369,262788
6370,237103
6371,222632
6372,218527
6373,211621
6374,197331
6375,204851
6376,291920
6377,290556
6378,236378
6379,207509
6380,200302
6381,195586
6382,196660
6383,208477
6384,311882
6385,313169
6386,284088
6387,271758
6388,250229
6389,249805
6390,249049
6391,251878
6392,463501
6393,344174
6394,340029
6395,340043
6396,321307
6397,313100
6398,322350
6399,326992
6400,373334
6401,388500
6402,407791
6403,394606
6404,389753
6405,390934
6406,400326
6407,414610
6408,90749
6409,138471
6410,152637
6411,153289
6412,141954
6413,143199
6414,160756
6415,163231
6416,151138
6417,226950
6418,252555
6419,255597
6420,256557
6421,251177
6422,255723
6423,262493
6424,235808
6425,273889
6426,292274
6427,307110
6428,305198
6429,283377
6430,277192
6431,278703
6432,246232
6433,180695
6434,152509
6435,152127
6436,155184
6437,168260
6438,181442
6439,182262
6440,240620
6441,294824
6442,279250
6443,256774
6444,243847
6445,247604
6446,255120
6447,263248
6448,153787
6449,60777
6450,75417
6451,97452
6452,111875
6453,93314
6454,87058
6455,98111
6456,449063
6457,351023
6458,361337
6459,352368
6460,338035
6461,328488
6462,332515
6463,349510
6464,459130
6465,472825
6466,426138
6467,397287
6468,397911
6469,389196
6470,382510
6471,411820
6472,423849
6473,298319
6474,275794
6475,273024
6476,275306
6477,284308
6478,304079
6479,322526
6480,389052
6481,291316
6482,322142
6483,334658
6484,344557
6485,344735
6486,352504
6487,352990
6488,260463
6489,231121
6490,232421
6491,237588
6492,226085
6493,211144
6494,223524
6495,238706
6496,177154
6497,257522
6498,220946
6499,207007
6500,189235
6501,182008
6502,203673
6503,203553
6504,465472
6505,476027
6506,444370
6507,417770
6508,413488
6509,408613
6510,407989
6511,422108
6512,319530
6513,269953
6514,297367
6515,292563
6516,296414
6517,289658
6518,304680
6519,337752
6520,525054
6521,673673
6522,607407
6523,555616
6524,555999
6525,551405
6526,561977
6527,573888
6528,247874
6529,296201
6530,273362
6531,257109
6532,245105
6533,235213
6534,231391
6535,226609
6536,227191
6537,299239
6538,291948
6539,275008
6540,269187
6541,262202
6542,257968
6543,274640
6544,356927
6545,361011
6546,367670
6547,376295
6548,376581
6549,385286
6550,386531
6551,389047
6552,189379
6553,160335
6554,157873
6555,151482
6556,142319
6557,142233
6558,145908
6559,143576
6560,291058
6561,393794
6562,383744
6563,348890
6564,326214
6565,339566
6566,343894
6567,339763
6568,116191
6569,154526
6570,165351
6571,180152
6572,177346
6573,168153
6574,162350
6575,174112
6576,258005
6577,351275
6578,314751
6579,298042
6580,293742
6581,278751
6582,274269
6583,275838
6584,308698
6585,343103
6586,359098
6587,336335
6588,325849
6589,328629
6590,317987
6591,315917
6592,220255
6593,282423
6594,255517
6595,234239
6596,228367
6597,223074
6598,215638
6599,233693
6600,116589
6601,196482
6602,198000
6603,183977
6604,173826
6605,174746
6606,182000
6607,180614
6608,406681
6609,329828
6610,289348
6611,259918
6612,251004
6613,249455
6614,246895
6615,251549
6616,438743
6617,356036
6618,359382
6619,373853
6620,365702
6621,354865
6622,372335
6623,390382
6624,110285
6625,175022
6626,215423
6627,203192
6628,170828
6629,153295
6630,143381
6631,155358
6632,268475
6633,349088
6634,309449
6635,282426
6636,268440
6637,263900
6638,260397
6639,271883
6640,401225
6641,500475
6642,458120
6643,425872
6644,402341
6645,389766
6646,392188
6647,409050
6648,599059
6649,511226
6650,489570
6651,460713
6652,455432
6653,441922
6654,438529
6655,458297
6656,352172
6657,362433
6658,352452
6659,340689
6660,329484
6661,322600
6662,321565
6663,333212
6664,109781
6665,82259
6666,89020
6667,102550
6668,102920
6669,96204
6670,95078
6671,104376
6672,489646
6673,581508
6674,506845
6675,476506
6676,479422
6677,476873
6678,464358
6679,454508
6680,248818
6681,307993
6682,317046
6683,322995
6684,315918
6685,297796
6686,295892
6687,303373
6688,707308
6689,683257
6690,617746
6691,592413
6692,590780
6693,592729
6694,603422
6695,627345
6696,545635
6697,561944
6698,480469
6699,446949
6700,444349
6701,426354
6702,416311
6703,425112
6704,417947
6705,301743
6706,330485
6707,329505
6708,331638
6709,330978
6710,328036
6711,344688
6712,526492
6713,331445
6714,354638
6715,351121
6716,345179
6717,347665
6718,360913
6719,366146
6720,290372
6721,115260
6722,102095
6723,117401
6724,129235
6725,129410
6726,149225
6727,159982
6728,316349
6729,450784
6730,478493
6731,479247
6732,480296
6733,484043
6734,458029
6735,451001
6736,563198
6737,379280
6738,360386
6739,352100
6740,351881
6741,368178
6742,371821
6743,372442
6744,54842
6745,70657
6746,81004
6747,79928
6748,80421
6749,83241
6750,82313
6751,75366
6752,356147
6753,425034
6754,345594
6755,308081
6756,287334
6757,300248
6758,317878
6759,326956
6760,258703
6761,234949
6762,223271
6763,196620
6764,185626
6765,191337
6766,194286
6767,202009
6768,551719
6769,512434
6770,498706
6771,516492
6772,511254
6773,517207
6774,523731
6775,519799
6776,521838
6777,444313
6778,459000
6779,459187
6780,448141
6781,442130
6782,440191
6783,462564
6784,182694
6785,199606
6786,186954
6787,176030
6788,169547
6789,170840
6790,172431
6791,175222
6792,198245
6793,264812
6794,327343
6795,324680
6796,307838
6797,294860
6798,312571
6799,330120
6800,225993
6801,273909
6802,255089
6803,252198
6804,249056
6805,247351
6806,246170
6807,252315
6808,166020
6809,211922
6810,261733
6811,272064
6812,264869
6813,262652
6814,270520
6815,260956
6816,266197
6817,108731
6818,129227
6819,130162
6820,134168
6821,135446
6822,129634
6823,129386
6824,434751
6825,271739
6826,268363
6827,275446
6828,291899
6829,305852
6830,302645
6831,316430
6832,264117
6833,156829
6834,163613
6835,172527
6836,176268
6837,179166
6838,186623
6839,193039
6840,300211
6841,237282
6842,205676
6843,199480
6844,195291
6845,190057
6846,200215
6847,212252
6848,227369
6849,300733
6850,270509
6851,271314
6852,273310
6853,275225
6854,260601
6855,266392
6856,569326
6857,470221
6858,444259
6859,406615
6860,400328
6861,409228
6862,412026
6863,430573
6864,594337
6865,617865
6866,576582
6867,539485
6868,517645
6869,508621
6870,500141
6871,495779
6872,331072
6873,318134
6874,326385
6875,314082
6876,312140
6877,312642
6878,330272
6879,323313
6880,327846
6881,260255
6882,258056
6883,247848
6884,244083
6885,232990
6886,224364
6887,230516
6888,257200
6889,268985
6890,259587
6891,258886
6892,258959
6893,260055
6894,270672
6895,277639
6896,94033
6897,116611
6898,106498
6899,98719
6900,93652
6901,108301
6902,119934
6903,110442
6904,386803
6905,335790
6906,304500
6907,293927
6908,290902
6909,274704
6910,278150
6911,282274
6912,273239
6913,220909
6914,240548
6915,253293
6916,259012
6917,252910
6918,259923
6919,271712
6920,267049
6921,358032
6922,339788
6923,303276
6924,281763
6925,261625
6926,263563
6927,292151
6928,306396
6929,358177
6930,349608
6931,333475
6932,327374
6933,325778
6934,327467
6935,339656
6936,244249
6937,285847
6938,321866
6939,328566
6940,310857
6941,309357
6942,312208
6943,304026
6944,362047
6945,339317
6946,358540
6947,361978
6948,351269
6949,358612
6950,367898
6951,371683
6952,193020
6953,152579
6954,155596
6955,157653
6956,149462
6957,146967
6958,149701
6959,141538
6960,319416
6961,363421
6962,344648
6963,340176
6964,338382
6965,354907
6966,366653
6967,353820
6968,285781
6969,232898
6970,243225
6971,234175
6972,219528
6973,225728
6974,239501
6975,239432
6976,70810
6977,78360
6978,92379
6979,98551
6980,94328
6981,86733
6982,88994
6983,106162
6984,313814
6985,287629
6986,309824
6987,310796
6988,308252
6989,292988
6990,297073
6991,298089
6992,276342
6993,240361
6994,238049
6995,240472
6996,244684
6997,239423
6998,245370
6999,256016
7000,449853
7001,228702
7002,269667
7003,280641
7004,288533
7005,285769
7006,279211
7007,281311
7008,283237
7009,266598
7010,218553
7011,196467
7012,198068
7013,195681
7014,191797
7015,191706
7016,325055
7017,285511
7018,269945
7019,254303
7020,258767
7021,242996
7022,238522
7023,247502
7024,185091
7025,231079
7026,214662
7027,202026
7028,197537
7029,184530
7030,181881
7031,180671
7032,236781
7033,216395
7034,212605
7035,222674
7036,227699
7037,240767
7038,255595
7039,259087
7040,174053
7041,184753
7042,191491
7043,182953
7044,175937
7045,172083
7046,171444
7047,175020
7048,250863
7049,179888
7050,180297
7051,193648
7052,185260
7053,172579
7054,173784
7055,180274
7056,223865
7057,151483
7058,154334
7059,152024
7060,143693
7061,147089
7062,162224
7063,177123
7064,344964
7065,471414
7066,401885
7067,378049
7068,353629
7069,341245
7070,330754
7071,328559
7072,228277
7073,232310
7074,228639
7075,213862
7076,201747
7077,195242
7078,206131
7079,211295
7080,177632
7081,245594
7082,237534
7083,245435
7084,246782
7085,235694
7086,247773
7087,264334
7088,265436
7089,126661
7090,126245
7091,123921
7092,121102
7093,123416
7094,129773
7095,133500
7096,206210
7097,288359
7098,269487
7099,267148
7100,262491
7101,242302
7102,235630
7103,237423
7104,150905
7105,186021
7106,176015
7107,170965
7108,180039
7109,173770
7110,179639
7111,203672
7112,501794
7113,537909
7114,490226
7115,463768
7116,472438
7117,473132
7118,459529
7119,446556
7120,96131
7121,139069
7122,138296
7123,149184
7124,158284
7125,149663
7126,137549
7127,142223
7128,248351
7129,142411
7130,150789
7131,152971
7132,153132
7133,152068
7134,152198
7135,151918
7136,460499
7137,475323
7138,439022
7139,416779
7140,403568
7141,389015
7142,404351
7143,444844
7144,187502
7145,191823
7146,213025
7147,202762
7148,196264
7149,201255
7150,199816
7151,190760
7152,403388
7153,334206
7154,358835
7155,338520
7156,305990
7157,292227
7158,305598
7159,325196
7160,344991
7161,315987
7162,344791
7163,362922
7164,365509
7165,364110
7166,371829
7167,375701
7168,540982
7169,371430
7170,336020
7171,310951
7172,312215
7173,340819
7174,363684
7175,356806
7176,282431
7177,327665
7178,346312
7179,333524
7180,317197
7181,308527
7182,308402
7183,309630
7184,129943
7185,121935
7186,142434
7187,152860
7188,139868
7189,128956
7190,133138
7191,137838
7192,29094
7193,48580
7194,56674
7195,65485
7196,64123
7197,64859
7198,58916
7199,59364
7200,485128
7201,591583
7202,558254
7203,534226
7204,525530
7205,521101
7206,528550
7207,536132
7208,270749
7209,274832
7210,250152
7211,250658
7212,263271
7213,274104
7214,297021
7215,296093
7216,167770
7217,176867
7218,179346
7219,183859
7220,188969
7221,195713
7222,191130
7223,197350
7224,407116
7225,293873
7226,300050
7227,299811
7228,305169
7229,309119
7230,310878
7231,309538
7232,207586
7233,280888
7234,255315
7235,231053
7236,213477
7237,203922
7238,214359
7239,247290
7240,114102
7241,190533
7242,221461
7243,216514
7244,202694
7245,192396
7246,194012
7247,204254
7248,274428
7249,271973
7250,288617
7251,276102
7252,264850
7253,256386
7254,255005
7255,255986
7256,210875
7257,277685
7258,222424
7259,202138
7260,194819
7261,194452
7262,196403
7263,196573
7264,256154
7265,384695
7266,362294
7267,355222
7268,364091
7269,349424
7270,329253
7271,335970
7272,295267
7273,290693
7274,317694
7275,333852
7276,315920
7277,305885
7278,335419
7279,341712
7280,261714
7281,336067
7282,338136
7283,324300
7284,301033
7285,280566
7286,303857
7287,309920
7288,152409
7289,178368
7290,188050
7291,186069
7292,176541
7293,174464
7294,187340
7295,199266
7296,230539
7297,259017
7298,271491
7299,256896
7300,241926
7301,232331
7302,228625
7303,238817
7304,2063209
7305,1891620
7306,2006519
7307,2095653
7308,1814712
7309,1794805
7310,1821671
7311,1764772
7312,211294
7313,172233
7314,166060
7315,158718
7316,150299
7317,153018
7318,155641
7319,158371
7320,195480
7321,239834
7322,221144
7323,211360
7324,206597
7325,206153
7326,206967
7327,214199
7328,258049
7329,317366
7330,301937
7331,288228
7332,278942
7333,257812
7334,258587
7335,253411
7336,246521
7337,199516
7338,210357
7339,197973
7340,193806
7341,203587
7342,211784
7343,215662
7344,77237
7345,112214
7346,118131
7347,127295
7348,121281
7349,108868
7350,96874
7351,102145
7352,278801
7353,319809
7354,330550
7355,321234
7356,303596
7357,294043
7358,297168
7359,297803
7360,356967
7361,432234
7362,332714
7363,300824
7364,292315
7365,280484
7366,275994
7367,286348
7368,39955
7369,66823
7370,75175
7371,76842
7372,81610
7373,85813
7374,84637
7375,81565
7376,363096
7377,338751
7378,323378
7379,307470
7380,302255
7381,303837
7382,315372
7383,324928
7384,467662
7385,463743
7386,437421
7387,428093
7388,420853
7389,408202
7390,410312
7391,412427
7392,286982
7393,200195
7394,223024
7395,233598
7396,239583
7397,245811
7398,227053
7399,230826
7400,95152
7401,88882
7402,102014
7403,107914
7404,109602
7405,109997
7406,104589
7407,104139
7408,90788
7409,138102
7410,158942
7411,160530
7412,161202
7413,173156
7414,177301
7415,177144
7416,178152
7417,220495
7418,184457
7419,178815
7420,199733
7421,196595
7422,187547
7423,192698
7424,452633
7425,347623
7426,344851
7427,336255
7428,331345
7429,330749
7430,329560
7431,334904
7432,294597
7433,346520
7434,289089
7435,264342
7436,247982
7437,250006
7438,260538
7439,264001
7440,51334
7441,85523
7442,103781
7443,112832
7444,98199
7445,77619
7446,76611
7447,80986
7448,352646
7449,330835
7450,303930
7451,277801
7452,265215
7453,257493
7454,259930
7455,277500
7456,465004
7457,465990
7458,419608
7459,395151
7460,377569
7461,380732
7462,391140
7463,404850
7464,179135
7465,279924
7466,261045
7467,249344
7468,248659
7469,243599
7470,240287
7471,248429
7472,209645
7473,154793
7474,159312
7475,146828
7476,128692
7477,120834
7478,124585
7479,139786
7480,279407
7481,220181
7482,235941
7483,225929
7484,209334
7485,195811
7486,206126
7487,224840
7488,74448
7489,111622
7490,105958
7491,106417
7492,97845
7493,92955
7494,98539
7495,99716
7496,289095
7497,278941
7498,321220
7499,319245
7500,323659
7501,333143
7502,330496
7503,334754
7504,519072
7505,289522
7506,306607
7507,310954
7508,306220
7509,331159
7510,335790
7511,358017
7512,118060
7513,180037
7514,190528
7515,196184
7516,192031
7517,196544
7518,202274
7519,209809
7520,142414
7521,151026
7522,164804
7523,158560
7524,150215
7525,159965
7526,150204
7527,141529
7528,196683
7529,235139
7530,239104
7531,240559
7532,242686
7533,235929
7534,241782
7535,249401
7536,177969
7537,199698
7538,201870
7539,202266
7540,195318
7541,190237
7542,196220
7543,202827
7544,211964
7545,180320
7546,180725
7547,183234
7548,190768
7549,186393
7550,191997
7551,209622
7552,385695
7553,339169
7554,343550
7555,345604
7556,334424
7557,321642
7558,315786
7559,314626
7560,363424
7561,334519
7562,326163
7563,299175
7564,273558
7565,256446
7566,263417
7567,303730
7568,43514
7569,40127
7570,34922
7571,33910
7572,32698
7573,44850
7574,49390
7575,44015
7576,366757
7577,309390
7578,321474
7579,317123
7580,312161
7581,320703
7582,321880
7583,324846
7584,316873
7585,378324
7586,354767
7587,330128
7588,317282
7589,300627
7590,298718
7591,297542
7592,23814
7593,39270
7594,55570
7595,70720
7596,68738
7597,59532
7598,59661
7599,63591
7600,351255
7601,280029
7602,290170
7603,276615
7604,276921
7605,270698
7606,262994
7607,264583
7608,362321
7609,434963
7610,428310
7611,411618
7612,407341
7613,396043
7614,403545
7615,436350
7616,251996
7617,172692
7618,179184
7619,181600
7620,182645
7621,188604
7622,192043
7623,196193
7624,165910
7625,216806
7626,240790
7627,247093
7628,243672
7629,233545
7630,234280
7631,243934
7632,230696
7633,289812
7634,261233
7635,235566
7636,235870
7637,242425
7638,241430
7639,230165
7640,450565
7641,332106
7642,342011
7643,336716
7644,334266
7645,336614
7646,341450
7647,354236
7648,511700
7649,516702
7650,489931
7651,484787
7652,488095
7653,484644
7654,492370
7655,484401
7656,157158
7657,182472
7658,159025
7659,154382
7660,138363
7661,118861
7662,122643
7663,125254
7664,596175
7665,528229
7666,470331
7667,461733
7668,469948
7669,464545
7670,466801
7671,484113
7672,248353
7673,231850
7674,261287
7675,276256
7676,270505
7677,251102
7678,263707
7679,275000
7680,259319
7681,229845
7682,246234
7683,263193
7684,272100
7685,276077
7686,293320
7687,305443
7688,381257
7689,431084
7690,423615
7691,406122
7692,401699
7693,394047
7694,403250
7695,426576
7696,343597
7697,178627
7698,178743
7699,187456
7700,181729
7701,174030
7702,173830
7703,178084
7704,418575
7705,250449
7706,289523
7707,297203
7708,291402
7709,285214
7710,290003
7711,287096
7712,197306
7713,162018
7714,166758
7715,163006
7716,152672
7717,161013
7718,162809
7719,165794
7720,169500
7721,319378
7722,329233
7723,316113
7724,291837
7725,268866
7726,264362
7727,272579
7728,247590
7729,249191
7730,234953
7731,211447
7732,188524
7733,172570
7734,170003
7735,185224
7736,438463
7737,447123
7738,437422
7739,410991
7740,396762
7741,395804
7742,400998
7743,410787
7744,662082
7745,594120
7746,569640
7747,545827
7748,528637
7749,520880
7750,521676
7751,532696
7752,129764
7753,36361
7754,44143
7755,51511
7756,57228
7757,64428
7758,66136
7759,70328
7760,534860
7761,525348
7762,526406
7763,507230
7764,497818
7765,502616
7766,518820
7767,522822
7768,259583
7769,320998
7770,297811
7771,294130
7772,295305
7773,301972
7774,301021
7775,295274
7776,344427
7777,311539
7778,293313
7779,268886
7780,257671
7781,249089
7782,263494
7783,265850
7784,178166
7785,163653
7786,155298
7787,140100
7788,130363
7789,133805
7790,127884
7791,122273
7792,229509
7793,352847
7794,359445
7795,337582
7796,325948
7797,312565
7798,313791
7799,320161
7800,602002
7801,412740
7802,427373
7803,425693
7804,402312
7805,407286
7806,420561
7807,436856
7808,428849
7809,480299
7810,481421
7811,462798
7812,443313
7813,435920
7814,430908
7815,439985
7816,305208
7817,277200
7818,300584
7819,310679
7820,318300
7821,313912
7822,324168
7823,327479
7824,391325
7825,204981
7826,208867
7827,208846
7828,205469
7829,204797
7830,205294
7831,215434
7832,448543
7833,312457
7834,303014
7835,299941
7836,304073
7837,303789
7838,299135
7839,294685
7840,364314
7841,238390
7842,252529
7843,258308
7844,258877
7845,244131
7846,259087
7847,282163
7848,315367
7849,349217
7850,386064
7851,389380
7852,386156
7853,380058
7854,403389
7855,416586
7856,277426
7857,369408
7858,352416
7859,330611
7860,328702
7861,325606
7862,302944
7863,309935
7864,251640
7865,262307
7866,255829
7867,241693
7868,230577
7869,230489
7870,226620
7871,227605
7872,140078
7873,193066
7874,155343
7875,141465
7876,137106
7877,135069
7878,137246
7879,151856
7880,416038
7881,376143
7882,375259
7883,374618
7884,366024
7885,371440
7886,378771
7887,379243
7888,528216
7889,467724
7890,460105
7891,440250
7892,443333
7893,426497
7894,414487
7895,421373
7896,229315
7897,265169
7898,257708
7899,238010
7900,222761
7901,223610
7902,225111
7903,232161
7904,351203
7905,383632
7906,367910
7907,362476
7908,370639
7909,372876
7910,381547
7911,390585
7912,183419
7913,197919
7914,211298
7915,216314
7916,222746
7917,229772
7918,249319
7919,247599
7920,83651
7921,147769
7922,160242
7923,163151
7924,160395
7925,149123
7926,129261
7927,129507
7928,506531
7929,309472
7930,295345
7931,295063
7932,298934
7933,299952
7934,295941
7935,296497
7936,114562
7937,130282
7938,137866
7939,129076
7940,112631
7941,110560
7942,107218
7943,111161
7944,91217
7945,117796
7946,130758
7947,137602
7948,139506
7949,142276
7950,152902
7951,154183
7952,200334
7953,262293
7954,233267
7955,221634
7956,202511
7957,180221
7958,188825
7959,212068
7960,331333
7961,360894
7962,357690
7963,351397
7964,335319
7965,323858
7966,319767
7967,318840
7968,421586
7969,422637
7970,430424
7971,416021
7972,385235
7973,380367
7974,382418
7975,382902
7976,392320
7977,234352
7978,254529
7979,239813
7980,235519
7981,235990
7982,247541
7983,220926
7984,276700
7985,184189
7986,190927
7987,197233
7988,195636
7989,184660
7990,184555
7991,198772
7992,199013
7993,239373
7994,238639
7995,233681
7996,216667
7997,200359
7998,206643
7999,221891
